"","Months","Deceased","Type"
"Pt101",27.4191678,0,"High purity"
"Pt103",15.9123228,0,"High purity"
"Pt106",2.9917797,1,"High purity"
"Pt10",8.4164352,1,"High purity"
"Pt17",1.8739719,1,"High purity"
"Pt26",31.2986184,0,"High purity"
"Pt27",15.6164325,1,"High purity"
"Pt28",24.328758,1,"High purity"
"Pt30",34.6191651,0,"High purity"
"Pt37",21.2383482,1,"High purity"
"Pt38",5.4904089,1,"High purity"
"Pt44",35.9342331,0,"High purity"
"Pt48",34.3890282,0,"High purity"
"Pt4",20.8109511,1,"High purity"
"Pt66",17.8191714,1,"High purity"
"Pt72",25.315059,1,"High purity"
"Pt79",7.1671206,1,"High purity"
"Pt84",4.9643817,1,"High purity"
"Pt85",29.7205368,0,"High purity"
"Pt98",24.5588949,1,"High purity"
"Pt9",3.0246564,1,"High purity"
"Pt11",27.5177979,1,"Low purity"
"Pt18",35.2766991,0,"Low purity"
"Pt23",1.7095884,1,"Low purity"
"Pt29",8.9753391,1,"Low purity"
"Pt31",31.5945087,0,"Low purity"
"Pt3",37.6109448,0,"Low purity"
"Pt47",23.6054706,1,"Low purity"
"Pt49",27.1890309,0,"Low purity"
"Pt52",15.6493092,1,"Low purity"
"Pt59",23.2767036,1,"Low purity"
"Pt5",7.2986274,1,"Low purity"
"Pt65",22.7506764,0,"Low purity"
"Pt76",0.328767,1,"Low purity"
"Pt77",15.4849257,1,"Low purity"
"Pt82",14.1041043,1,"Low purity"
"Pt89",27.7479348,1,"Low purity"
"Pt8",8.5150653,1,"Low purity"
"Pt90",5.7205458,1,"Low purity"
"Pt92",10.9479411,1,"Low purity"
"Pt94",32.2520427,0,"Low purity"
