"","Months","Deceased","Type"
"TCGA-2J-AABI",31.857185127,0,"HLA-I ASE loss"
"TCGA-3A-A9I9",20.843607193,1,"HLA-I ASE loss"
"TCGA-3A-A9IH",33.566755433,0,"HLA-I ASE loss"
"TCGA-3E-AAAZ",71.736200151,1,"HLA-I ASE loss"
"TCGA-F2-A8YN",16.997074005,0,"HLA-I ASE loss"
"TCGA-FB-A5VM",16.372423316,1,"HLA-I ASE loss"
"TCGA-HV-A7OL",8.2848407141,0,"HLA-I ASE loss"
"TCGA-HZ-8315",9.83002926,1,"HLA-I ASE loss"
"TCGA-IB-7893",3.8465331887,1,"HLA-I ASE loss"
"TCGA-IB-A5SP",15.846401683,0,"HLA-I ASE loss"
"TCGA-IB-AAUN",4.7341946938,1,"HLA-I ASE loss"
"TCGA-XN-A8T3",31.26541079,0,"HLA-I ASE loss"
"TCGA-2J-AAB6",9.6327711477,1,"HLA-I ASE WT"
"TCGA-2J-AABE",22.224413979,0,"HLA-I ASE WT"
"TCGA-2J-AABH",42.311865075,0,"HLA-I ASE WT"
"TCGA-2J-AABR",14.399842194,0,"HLA-I ASE WT"
"TCGA-3A-A9IX",34.092777065,0,"HLA-I ASE WT"
"TCGA-F2-A44H",19.265542295,0,"HLA-I ASE WT"
"TCGA-FB-AAPU",12.525890127,1,"HLA-I ASE WT"
"TCGA-FB-AAQ0",15.550514515,1,"HLA-I ASE WT"
"TCGA-FB-AAQ6",8.0218298978,1,"HLA-I ASE WT"
"TCGA-HV-A5A4",7.6273136733,0,"HLA-I ASE WT"
"TCGA-HZ-8519",14.925863826,0,"HLA-I ASE WT"
"TCGA-HZ-A8P1",0.2301344643,0,"HLA-I ASE WT"
"TCGA-IB-7888",43.791300917,1,"HLA-I ASE WT"
"TCGA-IB-7890",19.66005852,1,"HLA-I ASE WT"
"TCGA-IB-A5SQ",7.1999210968,1,"HLA-I ASE WT"
"TCGA-LB-A8F3",12.460137423,0,"HLA-I ASE WT"
"TCGA-M8-A5N4",19.199789591,0,"HLA-I ASE WT"
"TCGA-OE-A75W",8.7779859947,1,"HLA-I ASE WT"
"TCGA-Q3-AA2A",3.1232534438,0,"HLA-I ASE WT"
"TCGA-US-A776",39.977644081,0,"HLA-I ASE WT"
"TCGA-XD-AAUL",16.372423316,0,"HLA-I ASE WT"
"TCGA-XN-A8T5",23.670973469,0,"HLA-I ASE WT"
"TCGA-Z5-AAPL",15.353256403,0,"HLA-I ASE WT"
