"","Months","Deceased","Type"
"TCGA-A4-7585",35.15,1,"HLA-I ASE loss & neoantigen affinity to gene with ASE loss"
"TCGA-B1-A655",16.75,0,"HLA-I ASE loss & neoantigen affinity to gene with ASE loss"
"TCGA-B9-A69E",14.85,0,"HLA-I ASE loss & neoantigen affinity to gene with ASE loss"
"TCGA-BQ-5882",21.62,1,"HLA-I ASE loss & neoantigen affinity to gene with ASE loss"
"TCGA-BQ-7048",93.27,0,"HLA-I ASE loss & neoantigen affinity to gene with ASE loss"
"TCGA-UZ-A9PQ",86.267547753,1,"HLA-I ASE loss & neoantigen affinity to gene with ASE loss"
"TCGA-2Z-A9JD",34.848933162,0,"HLA-I ASE WT or no neoantigen affinity"
"TCGA-4A-A93Y",11.572475918,0,"HLA-I ASE WT or no neoantigen affinity"
"TCGA-5P-A9K9",19.364171352,1,"HLA-I ASE WT or no neoantigen affinity"
"TCGA-5P-A9KC",12.394384719,0,"HLA-I ASE WT or no neoantigen affinity"
"TCGA-A4-A57E",8.4820988263,1,"HLA-I ASE WT or no neoantigen affinity"
"TCGA-B1-5398",41.1,0,"HLA-I ASE WT or no neoantigen affinity"
"TCGA-B1-A656",20.317585561,0,"HLA-I ASE WT or no neoantigen affinity"
"TCGA-B9-A8YI",12.295755663,0,"HLA-I ASE WT or no neoantigen affinity"
"TCGA-BQ-5875",86.760693034,0,"HLA-I ASE WT or no neoantigen affinity"
"TCGA-BQ-5876",19.265542295,0,"HLA-I ASE WT or no neoantigen affinity"
"TCGA-BQ-5884",26.038070816,0,"HLA-I ASE WT or no neoantigen affinity"
"TCGA-BQ-5885",30.279120229,0,"HLA-I ASE WT or no neoantigen affinity"
"TCGA-BQ-5887",25.347667423,0,"HLA-I ASE WT or no neoantigen affinity"
"TCGA-BQ-5890",7.65,0,"HLA-I ASE WT or no neoantigen affinity"
"TCGA-BQ-7044",123.52,0,"HLA-I ASE WT or no neoantigen affinity"
"TCGA-BQ-7050",61.24,0,"HLA-I ASE WT or no neoantigen affinity"
"TCGA-BQ-7058",11.27658875,1,"HLA-I ASE WT or no neoantigen affinity"
"TCGA-BQ-7061",7.1670447447,0,"HLA-I ASE WT or no neoantigen affinity"
"TCGA-F9-A97G",0.4273925765,0,"HLA-I ASE WT or no neoantigen affinity"
"TCGA-G7-6796",71.39,0,"HLA-I ASE WT or no neoantigen affinity"
"TCGA-G7-7501",20.514843673,1,"HLA-I ASE WT or no neoantigen affinity"
"TCGA-GL-A9DE",16.306670612,0,"HLA-I ASE WT or no neoantigen affinity"
"TCGA-IZ-8195",22.257290331,0,"HLA-I ASE WT or no neoantigen affinity"
"TCGA-J7-8537",10.55,1,"HLA-I ASE WT or no neoantigen affinity"
"TCGA-MH-A560",30.35,0,"HLA-I ASE WT or no neoantigen affinity"
"TCGA-MH-A855",12.131373903,0,"HLA-I ASE WT or no neoantigen affinity"
"TCGA-P4-AAVK",52.273399744,0,"HLA-I ASE WT or no neoantigen affinity"
"TCGA-P4-AAVO",78.903244896,0,"HLA-I ASE WT or no neoantigen affinity"
"TCGA-SX-A7SM",11.934115791,1,"HLA-I ASE WT or no neoantigen affinity"
"TCGA-SX-A7SO",41.325574514,0,"HLA-I ASE WT or no neoantigen affinity"
"TCGA-UZ-A9Q1",51.352861886,0,"HLA-I ASE WT or no neoantigen affinity"
"TCGA-WN-AB4C",39.057106223,0,"HLA-I ASE WT or no neoantigen affinity"
"TCGA-Y8-A8S1",13.282046224,0,"HLA-I ASE WT or no neoantigen affinity"
