"","Months","Deceased","Type"
"TCGA-A4-7915",0.2301344643,0,"HLA-I ASE loss & neoantigen affinity to gene with ASE loss"
"TCGA-AL-3466",9.6327711477,1,"HLA-I ASE loss & neoantigen affinity to gene with ASE loss"
"TCGA-AL-A5DJ",49.21,1,"HLA-I ASE loss & neoantigen affinity to gene with ASE loss"
"TCGA-BQ-5877",8.8766150508,1,"HLA-I ASE loss & neoantigen affinity to gene with ASE loss"
"TCGA-BQ-5879",22.914817372,1,"HLA-I ASE loss & neoantigen affinity to gene with ASE loss"
"TCGA-G7-6789",4.01,1,"HLA-I ASE loss & neoantigen affinity to gene with ASE loss"
"TCGA-G7-6793",11.04,1,"HLA-I ASE loss & neoantigen affinity to gene with ASE loss"
"TCGA-G7-A8LD",16.898444949,1,"HLA-I ASE loss & neoantigen affinity to gene with ASE loss"
"TCGA-IA-A40Y",2.04,0,"HLA-I ASE loss & neoantigen affinity to gene with ASE loss"
"TCGA-P4-A5E8",42.936515764,1,"HLA-I ASE loss & neoantigen affinity to gene with ASE loss"
"TCGA-P4-A5EA",6.6,1,"HLA-I ASE loss & neoantigen affinity to gene with ASE loss"
"TCGA-Q2-A5QZ",14.06,0,"HLA-I ASE loss & neoantigen affinity to gene with ASE loss"
"TCGA-Y8-A896",18.640891607,0,"HLA-I ASE loss & neoantigen affinity to gene with ASE loss"
"TCGA-4A-A93X",12.821777296,0,"HLA-I ASE WT or no neoantigen affinity"
"TCGA-5P-A9K3",15.484761811,1,"HLA-I ASE WT or no neoantigen affinity"
"TCGA-A4-A5Y1",12.98,1,"HLA-I ASE WT or no neoantigen affinity"
"TCGA-B9-4116",20.6,0,"HLA-I ASE WT or no neoantigen affinity"
"TCGA-B9-A44B",11.86,0,"HLA-I ASE WT or no neoantigen affinity"
"TCGA-BQ-5893",7.92,1,"HLA-I ASE WT or no neoantigen affinity"
"TCGA-BQ-5894",2.76,0,"HLA-I ASE WT or no neoantigen affinity"
"TCGA-F9-A4JJ",10.68,1,"HLA-I ASE WT or no neoantigen affinity"
"TCGA-F9-A8NY",1.1835486734,0,"HLA-I ASE WT or no neoantigen affinity"
"TCGA-GL-7966",3.68,0,"HLA-I ASE WT or no neoantigen affinity"
