"","Months","Deceased","Type"
"TCGA-5P-A9JU",12.262879311,0,"HLA-I ASE loss & neoantigen affinity to gene with ASE loss"
"TCGA-A4-7585",35.15,1,"HLA-I ASE loss & neoantigen affinity to gene with ASE loss"
"TCGA-B9-5155",21.85,0,"HLA-I ASE loss & neoantigen affinity to gene with ASE loss"
"TCGA-B9-A69E",14.85,0,"HLA-I ASE loss & neoantigen affinity to gene with ASE loss"
"TCGA-BQ-5879",22.914817372,1,"HLA-I ASE loss & neoantigen affinity to gene with ASE loss"
"TCGA-BQ-5882",21.62,1,"HLA-I ASE loss & neoantigen affinity to gene with ASE loss"
"TCGA-BQ-7048",93.27,0,"HLA-I ASE loss & neoantigen affinity to gene with ASE loss"
"TCGA-G7-6797",25.13,0,"HLA-I ASE loss & neoantigen affinity to gene with ASE loss"
"TCGA-G7-A8LD",16.898444949,1,"HLA-I ASE loss & neoantigen affinity to gene with ASE loss"
"TCGA-GL-A59R",12.427261071,0,"HLA-I ASE loss & neoantigen affinity to gene with ASE loss"
"TCGA-HE-7130",58.191143111,0,"HLA-I ASE loss & neoantigen affinity to gene with ASE loss"
"TCGA-IA-A40Y",2.04,0,"HLA-I ASE loss & neoantigen affinity to gene with ASE loss"
"TCGA-P4-A5E8",42.936515764,1,"HLA-I ASE loss & neoantigen affinity to gene with ASE loss"
"TCGA-P4-A5EA",6.6,1,"HLA-I ASE loss & neoantigen affinity to gene with ASE loss"
"TCGA-Q2-A5QZ",14.06,0,"HLA-I ASE loss & neoantigen affinity to gene with ASE loss"
"TCGA-UZ-A9PN",37.347535917,1,"HLA-I ASE loss & neoantigen affinity to gene with ASE loss"
"TCGA-UZ-A9PQ",86.267547753,1,"HLA-I ASE loss & neoantigen affinity to gene with ASE loss"
"TCGA-Y8-A896",18.640891607,0,"HLA-I ASE loss & neoantigen affinity to gene with ASE loss"
"TCGA-2Z-A9JI",51.517243647,0,"HLA-I ASE WT or no neoantigen affinity"
"TCGA-2Z-A9JK",38.991353519,0,"HLA-I ASE WT or no neoantigen affinity"
"TCGA-A4-8310",25.643554591,0,"HLA-I ASE WT or no neoantigen affinity"
"TCGA-A4-A5Y1",12.98,1,"HLA-I ASE WT or no neoantigen affinity"
"TCGA-A4-A7UZ",0,0,"HLA-I ASE WT or no neoantigen affinity"
"TCGA-B1-5398",41.1,0,"HLA-I ASE WT or no neoantigen affinity"
"TCGA-B1-A47M",21.665515994,0,"HLA-I ASE WT or no neoantigen affinity"
"TCGA-B3-3925",33.829766249,0,"HLA-I ASE WT or no neoantigen affinity"
"TCGA-B9-A44B",11.86,0,"HLA-I ASE WT or no neoantigen affinity"
"TCGA-BQ-5875",86.760693034,0,"HLA-I ASE WT or no neoantigen affinity"
"TCGA-BQ-5878",63.714370253,0,"HLA-I ASE WT or no neoantigen affinity"
"TCGA-BQ-5885",30.279120229,0,"HLA-I ASE WT or no neoantigen affinity"
"TCGA-BQ-5886",26.038070816,0,"HLA-I ASE WT or no neoantigen affinity"
"TCGA-BQ-5887",25.347667423,0,"HLA-I ASE WT or no neoantigen affinity"
"TCGA-BQ-5890",7.65,0,"HLA-I ASE WT or no neoantigen affinity"
"TCGA-BQ-5891",0.95,0,"HLA-I ASE WT or no neoantigen affinity"
"TCGA-BQ-7044",123.52,0,"HLA-I ASE WT or no neoantigen affinity"
"TCGA-BQ-7053",49.840549693,0,"HLA-I ASE WT or no neoantigen affinity"
"TCGA-BQ-7058",11.27658875,1,"HLA-I ASE WT or no neoantigen affinity"
"TCGA-F9-A4JJ",10.68,1,"HLA-I ASE WT or no neoantigen affinity"
"TCGA-F9-A97G",0.4273925765,0,"HLA-I ASE WT or no neoantigen affinity"
"TCGA-G7-7501",20.514843673,1,"HLA-I ASE WT or no neoantigen affinity"
"TCGA-GL-7966",3.68,0,"HLA-I ASE WT or no neoantigen affinity"
"TCGA-IA-A40U",16.799815892,0,"HLA-I ASE WT or no neoantigen affinity"
"TCGA-J7-8537",10.55,1,"HLA-I ASE WT or no neoantigen affinity"
"TCGA-P4-A5E6",99.779728441,0,"HLA-I ASE WT or no neoantigen affinity"
"TCGA-P4-AAVK",52.273399744,0,"HLA-I ASE WT or no neoantigen affinity"
"TCGA-P4-AAVL",16.010783443,1,"HLA-I ASE WT or no neoantigen affinity"
"TCGA-UZ-A9PZ",21.59976329,0,"HLA-I ASE WT or no neoantigen affinity"
