"","Months","Deceased","Type"
"TCGA-4A-A93W",0.1315054082,0,"HLA-I ASE loss & neoantigen affinity to gene with ASE loss"
"TCGA-5P-A9JU",12.262879311,0,"HLA-I ASE loss & neoantigen affinity to gene with ASE loss"
"TCGA-5P-A9JY",49.577538876,1,"HLA-I ASE loss & neoantigen affinity to gene with ASE loss"
"TCGA-A4-8515",23.309333596,0,"HLA-I ASE loss & neoantigen affinity to gene with ASE loss"
"TCGA-A4-8517",19.627182168,0,"HLA-I ASE loss & neoantigen affinity to gene with ASE loss"
"TCGA-AL-3468",76.58,1,"HLA-I ASE loss & neoantigen affinity to gene with ASE loss"
"TCGA-AL-3472",66.66,0,"HLA-I ASE loss & neoantigen affinity to gene with ASE loss"
"TCGA-AL-7173",67.67,0,"HLA-I ASE loss & neoantigen affinity to gene with ASE loss"
"TCGA-B1-7332",37.511917678,0,"HLA-I ASE loss & neoantigen affinity to gene with ASE loss"
"TCGA-B1-A47N",36.492750764,0,"HLA-I ASE loss & neoantigen affinity to gene with ASE loss"
"TCGA-B9-5155",21.85,0,"HLA-I ASE loss & neoantigen affinity to gene with ASE loss"
"TCGA-BQ-7051",50.36,0,"HLA-I ASE loss & neoantigen affinity to gene with ASE loss"
"TCGA-BQ-7056",20.11,0,"HLA-I ASE loss & neoantigen affinity to gene with ASE loss"
"TCGA-DW-5561",13.610809745,0,"HLA-I ASE loss & neoantigen affinity to gene with ASE loss"
"TCGA-DZ-6132",80.875826018,0,"HLA-I ASE loss & neoantigen affinity to gene with ASE loss"
"TCGA-DZ-6135",74.54,0,"HLA-I ASE loss & neoantigen affinity to gene with ASE loss"
"TCGA-EV-5902",18.99,0,"HLA-I ASE loss & neoantigen affinity to gene with ASE loss"
"TCGA-F9-A7VF",2.3999736989,0,"HLA-I ASE loss & neoantigen affinity to gene with ASE loss"
"TCGA-G7-6797",25.13,0,"HLA-I ASE loss & neoantigen affinity to gene with ASE loss"
"TCGA-G7-A8LB",17.983364566,0,"HLA-I ASE loss & neoantigen affinity to gene with ASE loss"
"TCGA-G7-A8LC",23.079199132,0,"HLA-I ASE loss & neoantigen affinity to gene with ASE loss"
"TCGA-GL-A59R",12.427261071,0,"HLA-I ASE loss & neoantigen affinity to gene with ASE loss"
"TCGA-P4-A5E7",87.089456554,0,"HLA-I ASE loss & neoantigen affinity to gene with ASE loss"
"TCGA-P4-A5EB",99.05,0,"HLA-I ASE loss & neoantigen affinity to gene with ASE loss"
"TCGA-SX-A7SL",27.057237729,0,"HLA-I ASE loss & neoantigen affinity to gene with ASE loss"
"TCGA-SX-A7SQ",41.621461683,0,"HLA-I ASE loss & neoantigen affinity to gene with ASE loss"
"TCGA-SX-A7SS",53.095308545,0,"HLA-I ASE loss & neoantigen affinity to gene with ASE loss"
"TCGA-UN-AAZ9",18.016240918,0,"HLA-I ASE loss & neoantigen affinity to gene with ASE loss"
"TCGA-UZ-A9PJ",26.202452576,1,"HLA-I ASE loss & neoantigen affinity to gene with ASE loss"
"TCGA-UZ-A9PN",37.347535917,1,"HLA-I ASE loss & neoantigen affinity to gene with ASE loss"
"TCGA-UZ-A9PU",30.673636453,1,"HLA-I ASE loss & neoantigen affinity to gene with ASE loss"
"TCGA-2Z-A9J1",75.549856988,0,"HLA-I ASE WT or no neoantigen affinity"
"TCGA-2Z-A9J3",58.224019463,1,"HLA-I ASE WT or no neoantigen affinity"
"TCGA-2Z-A9J7",4.5698129336,1,"HLA-I ASE WT or no neoantigen affinity"
"TCGA-2Z-A9J8",91.725022192,0,"HLA-I ASE WT or no neoantigen affinity"
"TCGA-2Z-A9JE",56.810336325,0,"HLA-I ASE WT or no neoantigen affinity"
"TCGA-2Z-A9JG",54.64049709,0,"HLA-I ASE WT or no neoantigen affinity"
"TCGA-2Z-A9JI",51.517243647,0,"HLA-I ASE WT or no neoantigen affinity"
"TCGA-2Z-A9JJ",39.879015024,0,"HLA-I ASE WT or no neoantigen affinity"
"TCGA-2Z-A9JL",33.073610152,0,"HLA-I ASE WT or no neoantigen affinity"
"TCGA-2Z-A9JP",29.358582372,0,"HLA-I ASE WT or no neoantigen affinity"
"TCGA-2Z-A9JQ",25.577801887,0,"HLA-I ASE WT or no neoantigen affinity"
"TCGA-2Z-A9JS",16.175165204,1,"HLA-I ASE WT or no neoantigen affinity"
"TCGA-5P-A9JZ",90.212709998,0,"HLA-I ASE WT or no neoantigen affinity"
"TCGA-5P-A9K0",22.257290331,0,"HLA-I ASE WT or no neoantigen affinity"
"TCGA-5P-A9K2",78.64023408,0,"HLA-I ASE WT or no neoantigen affinity"
"TCGA-5P-A9K4",71.801952855,0,"HLA-I ASE WT or no neoantigen affinity"
"TCGA-5P-A9KA",12.986159056,0,"HLA-I ASE WT or no neoantigen affinity"
"TCGA-A4-7288",61.01,0,"HLA-I ASE WT or no neoantigen affinity"
"TCGA-A4-7584",21.35,0,"HLA-I ASE WT or no neoantigen affinity"
"TCGA-A4-7732",19.12,0,"HLA-I ASE WT or no neoantigen affinity"
"TCGA-A4-7734",0.8876615051,0,"HLA-I ASE WT or no neoantigen affinity"
"TCGA-A4-7997",30.45,0,"HLA-I ASE WT or no neoantigen affinity"
"TCGA-A4-8098",29.457211428,0,"HLA-I ASE WT or no neoantigen affinity"
"TCGA-A4-8310",25.643554591,0,"HLA-I ASE WT or no neoantigen affinity"
"TCGA-A4-8311",23.966860637,0,"HLA-I ASE WT or no neoantigen affinity"
"TCGA-A4-8630",14.32,0,"HLA-I ASE WT or no neoantigen affinity"
"TCGA-A4-A4ZT",16.964197653,0,"HLA-I ASE WT or no neoantigen affinity"
"TCGA-A4-A5DU",16.306670612,0,"HLA-I ASE WT or no neoantigen affinity"
"TCGA-A4-A5XZ",15.747772627,0,"HLA-I ASE WT or no neoantigen affinity"
"TCGA-A4-A5Y0",8.2848407141,0,"HLA-I ASE WT or no neoantigen affinity"
"TCGA-A4-A7UZ",0,0,"HLA-I ASE WT or no neoantigen affinity"
"TCGA-AT-A5NU",2.2,0,"HLA-I ASE WT or no neoantigen affinity"
"TCGA-B1-A654",20.251832857,0,"HLA-I ASE WT or no neoantigen affinity"
"TCGA-B3-3925",33.829766249,0,"HLA-I ASE WT or no neoantigen affinity"
"TCGA-B3-3926",29.029818851,0,"HLA-I ASE WT or no neoantigen affinity"
"TCGA-B3-A6W5",10.15,0,"HLA-I ASE WT or no neoantigen affinity"
"TCGA-B9-4617",1.1506723214,0,"HLA-I ASE WT or no neoantigen affinity"
"TCGA-B9-7268",22.04,0,"HLA-I ASE WT or no neoantigen affinity"
"TCGA-B9-A5W7",19.232665943,0,"HLA-I ASE WT or no neoantigen affinity"
"TCGA-B9-A5W9",0.1643817602,0,"HLA-I ASE WT or no neoantigen affinity"
"TCGA-B9-A8YH",17.490219285,0,"HLA-I ASE WT or no neoantigen affinity"
"TCGA-BQ-5878",63.714370253,0,"HLA-I ASE WT or no neoantigen affinity"
"TCGA-BQ-7049",44.81,1,"HLA-I ASE WT or no neoantigen affinity"
"TCGA-DW-5560",48.854259131,0,"HLA-I ASE WT or no neoantigen affinity"
"TCGA-DW-7834",129.86159056,0,"HLA-I ASE WT or no neoantigen affinity"
"TCGA-DW-7836",35.91,0,"HLA-I ASE WT or no neoantigen affinity"
"TCGA-DW-7839",13.76,0,"HLA-I ASE WT or no neoantigen affinity"
"TCGA-DW-7840",3.7479041326,0,"HLA-I ASE WT or no neoantigen affinity"
"TCGA-DW-7842",3.02,0,"HLA-I ASE WT or no neoantigen affinity"
"TCGA-DZ-6133",51.15,1,"HLA-I ASE WT or no neoantigen affinity"
"TCGA-EV-5901",34.17,0,"HLA-I ASE WT or no neoantigen affinity"
"TCGA-EV-5903",24.87,0,"HLA-I ASE WT or no neoantigen affinity"
"TCGA-F9-A7Q0",13.084788112,0,"HLA-I ASE WT or no neoantigen affinity"
"TCGA-G7-6792",90.83,0,"HLA-I ASE WT or no neoantigen affinity"
"TCGA-G7-A4TM",25.23,0,"HLA-I ASE WT or no neoantigen affinity"
"TCGA-G7-A8LE",80.645691554,0,"HLA-I ASE WT or no neoantigen affinity"
"TCGA-GL-6846",194.65,0,"HLA-I ASE WT or no neoantigen affinity"
"TCGA-GL-7773",12.920406352,0,"HLA-I ASE WT or no neoantigen affinity"
"TCGA-GL-8500",27.63,0,"HLA-I ASE WT or no neoantigen affinity"
"TCGA-GL-A9DC",12.88753,0,"HLA-I ASE WT or no neoantigen affinity"
"TCGA-HE-7129",81.927869284,0,"HLA-I ASE WT or no neoantigen affinity"
"TCGA-HE-A5NH",26.005194464,0,"HLA-I ASE WT or no neoantigen affinity"
"TCGA-HE-A5NI",11.835486734,0,"HLA-I ASE WT or no neoantigen affinity"
"TCGA-HE-A5NJ",56.7,0,"HLA-I ASE WT or no neoantigen affinity"
"TCGA-IA-A40X",19.97,0,"HLA-I ASE WT or no neoantigen affinity"
"TCGA-IZ-8196",21.336752474,0,"HLA-I ASE WT or no neoantigen affinity"
"TCGA-IZ-A6M9",12.361508367,0,"HLA-I ASE WT or no neoantigen affinity"
"TCGA-KV-A6GE",29.07,0,"HLA-I ASE WT or no neoantigen affinity"
"TCGA-KV-A74V",11.4,0,"HLA-I ASE WT or no neoantigen affinity"
"TCGA-MH-A55W",34.26,0,"HLA-I ASE WT or no neoantigen affinity"
"TCGA-MH-A55Z",27.780517474,0,"HLA-I ASE WT or no neoantigen affinity"
"TCGA-MH-A561",27.63,0,"HLA-I ASE WT or no neoantigen affinity"
"TCGA-MH-A854",17.61,0,"HLA-I ASE WT or no neoantigen affinity"
"TCGA-MH-A856",31.11,0,"HLA-I ASE WT or no neoantigen affinity"
"TCGA-O9-A75Z",15.47,0,"HLA-I ASE WT or no neoantigen affinity"
"TCGA-P4-A5ED",92.579807345,0,"HLA-I ASE WT or no neoantigen affinity"
"TCGA-P4-AAVL",16.010783443,1,"HLA-I ASE WT or no neoantigen affinity"
"TCGA-P4-AAVM",50.59670579,0,"HLA-I ASE WT or no neoantigen affinity"
"TCGA-PJ-A5Z9",17.753230102,0,"HLA-I ASE WT or no neoantigen affinity"
"TCGA-SX-A71R",47.86,0,"HLA-I ASE WT or no neoantigen affinity"
"TCGA-SX-A71S",49.446033468,0,"HLA-I ASE WT or no neoantigen affinity"
"TCGA-SX-A71V",28.78,0,"HLA-I ASE WT or no neoantigen affinity"
"TCGA-SX-A71W",35.35,0,"HLA-I ASE WT or no neoantigen affinity"
"TCGA-SX-A7SU",43.758424565,0,"HLA-I ASE WT or no neoantigen affinity"
"TCGA-UZ-A9PK",117.40145313,0,"HLA-I ASE WT or no neoantigen affinity"
"TCGA-UZ-A9PL",103.62626163,0,"HLA-I ASE WT or no neoantigen affinity"
"TCGA-UZ-A9PP",98.95781964,0,"HLA-I ASE WT or no neoantigen affinity"
"TCGA-UZ-A9PR",86.366176809,0,"HLA-I ASE WT or no neoantigen affinity"
"TCGA-UZ-A9PS",71.243054871,0,"HLA-I ASE WT or no neoantigen affinity"
"TCGA-UZ-A9PV",47.473452346,0,"HLA-I ASE WT or no neoantigen affinity"
"TCGA-UZ-A9PX",65.128053391,0,"HLA-I ASE WT or no neoantigen affinity"
"TCGA-UZ-A9PZ",21.59976329,0,"HLA-I ASE WT or no neoantigen affinity"
"TCGA-UZ-A9Q0",110.72755367,0,"HLA-I ASE WT or no neoantigen affinity"
"TCGA-Y8-A894",18.640891607,0,"HLA-I ASE WT or no neoantigen affinity"
"TCGA-Y8-A895",15.912154387,0,"HLA-I ASE WT or no neoantigen affinity"
"TCGA-Y8-A8RZ",6.7396521682,0,"HLA-I ASE WT or no neoantigen affinity"
"TCGA-Y8-A8S0",6.0163724233,0,"HLA-I ASE WT or no neoantigen affinity"
