"","Months","Deceased","Type"
"TCGA-AL-3466",9.6327711477,1,"HLA-I ASE loss & neoantigen affinity to gene with ASE loss"
"TCGA-AL-7173",67.67,0,"HLA-I ASE loss & neoantigen affinity to gene with ASE loss"
"TCGA-BQ-5877",8.8766150508,1,"HLA-I ASE loss & neoantigen affinity to gene with ASE loss"
"TCGA-G7-6789",4.01,1,"HLA-I ASE loss & neoantigen affinity to gene with ASE loss"
"TCGA-G7-6793",11.04,1,"HLA-I ASE loss & neoantigen affinity to gene with ASE loss"
"TCGA-G7-A8LB",17.983364566,0,"HLA-I ASE loss & neoantigen affinity to gene with ASE loss"
"TCGA-2Z-A9J7",4.5698129336,1,"HLA-I ASE WT or no neoantigen affinity"
"TCGA-4A-A93X",12.821777296,0,"HLA-I ASE WT or no neoantigen affinity"
"TCGA-A4-A57E",8.4820988263,1,"HLA-I ASE WT or no neoantigen affinity"
"TCGA-BQ-5893",7.92,1,"HLA-I ASE WT or no neoantigen affinity"
"TCGA-BQ-5894",2.76,0,"HLA-I ASE WT or no neoantigen affinity"
"TCGA-F9-A8NY",1.1835486734,0,"HLA-I ASE WT or no neoantigen affinity"
"TCGA-GL-6846",194.65,0,"HLA-I ASE WT or no neoantigen affinity"
"TCGA-SX-A7SM",11.934115791,1,"HLA-I ASE WT or no neoantigen affinity"
