"","Months","Deceased","Type"
"TCGA-2Z-A9JT",22.487424795,0,"HLA-I ASE loss & neoantigen affinity to gene with ASE loss"
"TCGA-4A-A93W",0.1315054082,0,"HLA-I ASE loss & neoantigen affinity to gene with ASE loss"
"TCGA-5P-A9JU",12.262879311,0,"HLA-I ASE loss & neoantigen affinity to gene with ASE loss"
"TCGA-5P-A9JW",106.55225696,0,"HLA-I ASE loss & neoantigen affinity to gene with ASE loss"
"TCGA-5P-A9JY",49.577538876,1,"HLA-I ASE loss & neoantigen affinity to gene with ASE loss"
"TCGA-5P-A9K6",62.925337805,0,"HLA-I ASE loss & neoantigen affinity to gene with ASE loss"
"TCGA-5P-A9KH",67.429398034,0,"HLA-I ASE loss & neoantigen affinity to gene with ASE loss"
"TCGA-A4-7286",18.2,0,"HLA-I ASE loss & neoantigen affinity to gene with ASE loss"
"TCGA-A4-7585",35.15,1,"HLA-I ASE loss & neoantigen affinity to gene with ASE loss"
"TCGA-A4-7915",0.2301344643,0,"HLA-I ASE loss & neoantigen affinity to gene with ASE loss"
"TCGA-A4-8515",23.309333596,0,"HLA-I ASE loss & neoantigen affinity to gene with ASE loss"
"TCGA-A4-8517",19.627182168,0,"HLA-I ASE loss & neoantigen affinity to gene with ASE loss"
"TCGA-AL-3466",9.6327711477,1,"HLA-I ASE loss & neoantigen affinity to gene with ASE loss"
"TCGA-AL-3468",76.58,1,"HLA-I ASE loss & neoantigen affinity to gene with ASE loss"
"TCGA-AL-3472",66.66,0,"HLA-I ASE loss & neoantigen affinity to gene with ASE loss"
"TCGA-AL-7173",67.67,0,"HLA-I ASE loss & neoantigen affinity to gene with ASE loss"
"TCGA-AL-A5DJ",49.21,1,"HLA-I ASE loss & neoantigen affinity to gene with ASE loss"
"TCGA-B1-7332",37.511917678,0,"HLA-I ASE loss & neoantigen affinity to gene with ASE loss"
"TCGA-B1-A47N",36.492750764,0,"HLA-I ASE loss & neoantigen affinity to gene with ASE loss"
"TCGA-B1-A655",16.75,0,"HLA-I ASE loss & neoantigen affinity to gene with ASE loss"
"TCGA-B9-5155",21.85,0,"HLA-I ASE loss & neoantigen affinity to gene with ASE loss"
"TCGA-B9-A69E",14.85,0,"HLA-I ASE loss & neoantigen affinity to gene with ASE loss"
"TCGA-BQ-5877",8.8766150508,1,"HLA-I ASE loss & neoantigen affinity to gene with ASE loss"
"TCGA-BQ-5879",22.914817372,1,"HLA-I ASE loss & neoantigen affinity to gene with ASE loss"
"TCGA-BQ-5882",21.62,1,"HLA-I ASE loss & neoantigen affinity to gene with ASE loss"
"TCGA-BQ-5892",11.96,0,"HLA-I ASE loss & neoantigen affinity to gene with ASE loss"
"TCGA-BQ-7045",48.262484795,1,"HLA-I ASE loss & neoantigen affinity to gene with ASE loss"
"TCGA-BQ-7048",93.27,0,"HLA-I ASE loss & neoantigen affinity to gene with ASE loss"
"TCGA-BQ-7051",50.36,0,"HLA-I ASE loss & neoantigen affinity to gene with ASE loss"
"TCGA-BQ-7056",20.11,0,"HLA-I ASE loss & neoantigen affinity to gene with ASE loss"
"TCGA-BQ-7062",3.8136568366,0,"HLA-I ASE loss & neoantigen affinity to gene with ASE loss"
"TCGA-DW-5561",13.610809745,0,"HLA-I ASE loss & neoantigen affinity to gene with ASE loss"
"TCGA-DW-7837",37.52,0,"HLA-I ASE loss & neoantigen affinity to gene with ASE loss"
"TCGA-DZ-6132",80.875826018,0,"HLA-I ASE loss & neoantigen affinity to gene with ASE loss"
"TCGA-DZ-6135",74.54,0,"HLA-I ASE loss & neoantigen affinity to gene with ASE loss"
"TCGA-EV-5902",18.99,0,"HLA-I ASE loss & neoantigen affinity to gene with ASE loss"
"TCGA-F9-A7VF",2.3999736989,0,"HLA-I ASE loss & neoantigen affinity to gene with ASE loss"
"TCGA-G7-6789",4.01,1,"HLA-I ASE loss & neoantigen affinity to gene with ASE loss"
"TCGA-G7-6793",11.04,1,"HLA-I ASE loss & neoantigen affinity to gene with ASE loss"
"TCGA-G7-6797",25.13,0,"HLA-I ASE loss & neoantigen affinity to gene with ASE loss"
"TCGA-G7-A8LB",17.983364566,0,"HLA-I ASE loss & neoantigen affinity to gene with ASE loss"
"TCGA-G7-A8LC",23.079199132,0,"HLA-I ASE loss & neoantigen affinity to gene with ASE loss"
"TCGA-G7-A8LD",16.898444949,1,"HLA-I ASE loss & neoantigen affinity to gene with ASE loss"
"TCGA-GL-A59R",12.427261071,0,"HLA-I ASE loss & neoantigen affinity to gene with ASE loss"
"TCGA-HE-7130",58.191143111,0,"HLA-I ASE loss & neoantigen affinity to gene with ASE loss"
"TCGA-IA-A40Y",2.04,0,"HLA-I ASE loss & neoantigen affinity to gene with ASE loss"
"TCGA-IZ-A6M8",16.339546964,0,"HLA-I ASE loss & neoantigen affinity to gene with ASE loss"
"TCGA-MH-A857",29.24,0,"HLA-I ASE loss & neoantigen affinity to gene with ASE loss"
"TCGA-P4-A5E7",87.089456554,0,"HLA-I ASE loss & neoantigen affinity to gene with ASE loss"
"TCGA-P4-A5E8",42.936515764,1,"HLA-I ASE loss & neoantigen affinity to gene with ASE loss"
"TCGA-P4-A5EA",6.6,1,"HLA-I ASE loss & neoantigen affinity to gene with ASE loss"
"TCGA-P4-A5EB",99.05,0,"HLA-I ASE loss & neoantigen affinity to gene with ASE loss"
"TCGA-Q2-A5QZ",14.06,0,"HLA-I ASE loss & neoantigen affinity to gene with ASE loss"
"TCGA-SX-A7SL",27.057237729,0,"HLA-I ASE loss & neoantigen affinity to gene with ASE loss"
"TCGA-SX-A7SQ",41.621461683,0,"HLA-I ASE loss & neoantigen affinity to gene with ASE loss"
"TCGA-SX-A7SS",53.095308545,0,"HLA-I ASE loss & neoantigen affinity to gene with ASE loss"
"TCGA-UN-AAZ9",18.016240918,0,"HLA-I ASE loss & neoantigen affinity to gene with ASE loss"
"TCGA-UZ-A9PJ",26.202452576,1,"HLA-I ASE loss & neoantigen affinity to gene with ASE loss"
"TCGA-UZ-A9PM",125.29177762,0,"HLA-I ASE loss & neoantigen affinity to gene with ASE loss"
"TCGA-UZ-A9PN",37.347535917,1,"HLA-I ASE loss & neoantigen affinity to gene with ASE loss"
"TCGA-UZ-A9PO",62.826708748,0,"HLA-I ASE loss & neoantigen affinity to gene with ASE loss"
"TCGA-UZ-A9PQ",86.267547753,1,"HLA-I ASE loss & neoantigen affinity to gene with ASE loss"
"TCGA-UZ-A9PU",30.673636453,1,"HLA-I ASE loss & neoantigen affinity to gene with ASE loss"
"TCGA-Y8-A896",18.640891607,0,"HLA-I ASE loss & neoantigen affinity to gene with ASE loss"
"TCGA-2Z-A9J1",75.549856988,0,"HLA-I ASE WT or no neoantigen affinity"
"TCGA-2Z-A9J2",59.013051912,0,"HLA-I ASE WT or no neoantigen affinity"
"TCGA-2Z-A9J3",58.224019463,1,"HLA-I ASE WT or no neoantigen affinity"
"TCGA-2Z-A9J5",100.27287372,0,"HLA-I ASE WT or no neoantigen affinity"
"TCGA-2Z-A9J6",56.908965381,0,"HLA-I ASE WT or no neoantigen affinity"
"TCGA-2Z-A9J7",4.5698129336,1,"HLA-I ASE WT or no neoantigen affinity"
"TCGA-2Z-A9J8",91.725022192,0,"HLA-I ASE WT or no neoantigen affinity"
"TCGA-2Z-A9JD",34.848933162,0,"HLA-I ASE WT or no neoantigen affinity"
"TCGA-2Z-A9JE",56.810336325,0,"HLA-I ASE WT or no neoantigen affinity"
"TCGA-2Z-A9JG",54.64049709,0,"HLA-I ASE WT or no neoantigen affinity"
"TCGA-2Z-A9JI",51.517243647,0,"HLA-I ASE WT or no neoantigen affinity"
"TCGA-2Z-A9JJ",39.879015024,0,"HLA-I ASE WT or no neoantigen affinity"
"TCGA-2Z-A9JK",38.991353519,0,"HLA-I ASE WT or no neoantigen affinity"
"TCGA-2Z-A9JL",33.073610152,0,"HLA-I ASE WT or no neoantigen affinity"
"TCGA-2Z-A9JM",30.706512805,0,"HLA-I ASE WT or no neoantigen affinity"
"TCGA-2Z-A9JP",29.358582372,0,"HLA-I ASE WT or no neoantigen affinity"
"TCGA-2Z-A9JQ",25.577801887,0,"HLA-I ASE WT or no neoantigen affinity"
"TCGA-2Z-A9JR",5.2930926784,0,"HLA-I ASE WT or no neoantigen affinity"
"TCGA-2Z-A9JS",16.175165204,1,"HLA-I ASE WT or no neoantigen affinity"
"TCGA-4A-A93X",12.821777296,0,"HLA-I ASE WT or no neoantigen affinity"
"TCGA-4A-A93Y",11.572475918,0,"HLA-I ASE WT or no neoantigen affinity"
"TCGA-5P-A9JV",67.166387218,0,"HLA-I ASE WT or no neoantigen affinity"
"TCGA-5P-A9JZ",90.212709998,0,"HLA-I ASE WT or no neoantigen affinity"
"TCGA-5P-A9K0",22.257290331,0,"HLA-I ASE WT or no neoantigen affinity"
"TCGA-5P-A9K2",78.64023408,0,"HLA-I ASE WT or no neoantigen affinity"
"TCGA-5P-A9K3",15.484761811,1,"HLA-I ASE WT or no neoantigen affinity"
"TCGA-5P-A9K4",71.801952855,0,"HLA-I ASE WT or no neoantigen affinity"
"TCGA-5P-A9K8",43.03514482,0,"HLA-I ASE WT or no neoantigen affinity"
"TCGA-5P-A9K9",19.364171352,1,"HLA-I ASE WT or no neoantigen affinity"
"TCGA-5P-A9KA",12.986159056,0,"HLA-I ASE WT or no neoantigen affinity"
"TCGA-5P-A9KC",12.394384719,0,"HLA-I ASE WT or no neoantigen affinity"
"TCGA-5P-A9KE",27.090114081,0,"HLA-I ASE WT or no neoantigen affinity"
"TCGA-A4-7287",19.61,1,"HLA-I ASE WT or no neoantigen affinity"
"TCGA-A4-7288",61.01,0,"HLA-I ASE WT or no neoantigen affinity"
"TCGA-A4-7583",0.0986290561,0,"HLA-I ASE WT or no neoantigen affinity"
"TCGA-A4-7584",21.35,0,"HLA-I ASE WT or no neoantigen affinity"
"TCGA-A4-7732",19.12,0,"HLA-I ASE WT or no neoantigen affinity"
"TCGA-A4-7734",0.8876615051,0,"HLA-I ASE WT or no neoantigen affinity"
"TCGA-A4-7996",16.62,0,"HLA-I ASE WT or no neoantigen affinity"
"TCGA-A4-7997",30.45,0,"HLA-I ASE WT or no neoantigen affinity"
"TCGA-A4-8098",29.457211428,0,"HLA-I ASE WT or no neoantigen affinity"
"TCGA-A4-8310",25.643554591,0,"HLA-I ASE WT or no neoantigen affinity"
"TCGA-A4-8311",23.966860637,0,"HLA-I ASE WT or no neoantigen affinity"
"TCGA-A4-8630",14.32,0,"HLA-I ASE WT or no neoantigen affinity"
"TCGA-A4-A48D",12.460137423,0,"HLA-I ASE WT or no neoantigen affinity"
"TCGA-A4-A4ZT",16.964197653,0,"HLA-I ASE WT or no neoantigen affinity"
"TCGA-A4-A57E",8.4820988263,1,"HLA-I ASE WT or no neoantigen affinity"
"TCGA-A4-A5DU",16.306670612,0,"HLA-I ASE WT or no neoantigen affinity"
"TCGA-A4-A5XZ",15.747772627,0,"HLA-I ASE WT or no neoantigen affinity"
"TCGA-A4-A5Y0",8.2848407141,0,"HLA-I ASE WT or no neoantigen affinity"
"TCGA-A4-A5Y1",12.98,1,"HLA-I ASE WT or no neoantigen affinity"
"TCGA-A4-A6HP",12.460137423,0,"HLA-I ASE WT or no neoantigen affinity"
"TCGA-A4-A772",0,0,"HLA-I ASE WT or no neoantigen affinity"
"TCGA-A4-A7UZ",0,0,"HLA-I ASE WT or no neoantigen affinity"
"TCGA-AL-3473",62.662326988,0,"HLA-I ASE WT or no neoantigen affinity"
"TCGA-AT-A5NU",2.2,0,"HLA-I ASE WT or no neoantigen affinity"
"TCGA-B1-5398",41.1,0,"HLA-I ASE WT or no neoantigen affinity"
"TCGA-B1-A47M",21.665515994,0,"HLA-I ASE WT or no neoantigen affinity"
"TCGA-B1-A654",20.251832857,0,"HLA-I ASE WT or no neoantigen affinity"
"TCGA-B1-A656",20.317585561,0,"HLA-I ASE WT or no neoantigen affinity"
"TCGA-B1-A657",21.073741658,0,"HLA-I ASE WT or no neoantigen affinity"
"TCGA-B3-3925",33.829766249,0,"HLA-I ASE WT or no neoantigen affinity"
"TCGA-B3-3926",29.029818851,0,"HLA-I ASE WT or no neoantigen affinity"
"TCGA-B3-4103",30.575007397,0,"HLA-I ASE WT or no neoantigen affinity"
"TCGA-B3-4104",34.48729329,0,"HLA-I ASE WT or no neoantigen affinity"
"TCGA-B3-A6W5",10.15,0,"HLA-I ASE WT or no neoantigen affinity"
"TCGA-B9-4113",50.46,1,"HLA-I ASE WT or no neoantigen affinity"
"TCGA-B9-4115",26.399710688,0,"HLA-I ASE WT or no neoantigen affinity"
"TCGA-B9-4116",20.6,0,"HLA-I ASE WT or no neoantigen affinity"
"TCGA-B9-4117",0.46,0,"HLA-I ASE WT or no neoantigen affinity"
"TCGA-B9-4617",1.1506723214,0,"HLA-I ASE WT or no neoantigen affinity"
"TCGA-B9-5156",43.96,0,"HLA-I ASE WT or no neoantigen affinity"
"TCGA-B9-7268",22.04,0,"HLA-I ASE WT or no neoantigen affinity"
"TCGA-B9-A44B",11.86,0,"HLA-I ASE WT or no neoantigen affinity"
"TCGA-B9-A5W7",19.232665943,0,"HLA-I ASE WT or no neoantigen affinity"
"TCGA-B9-A5W8",17.227208469,0,"HLA-I ASE WT or no neoantigen affinity"
"TCGA-B9-A5W9",0.1643817602,0,"HLA-I ASE WT or no neoantigen affinity"
"TCGA-B9-A8YH",17.490219285,0,"HLA-I ASE WT or no neoantigen affinity"
"TCGA-B9-A8YI",12.295755663,0,"HLA-I ASE WT or no neoantigen affinity"
"TCGA-BQ-5875",86.760693034,0,"HLA-I ASE WT or no neoantigen affinity"
"TCGA-BQ-5876",19.265542295,0,"HLA-I ASE WT or no neoantigen affinity"
"TCGA-BQ-5878",63.714370253,0,"HLA-I ASE WT or no neoantigen affinity"
"TCGA-BQ-5881",47.802215866,0,"HLA-I ASE WT or no neoantigen affinity"
"TCGA-BQ-5884",26.038070816,0,"HLA-I ASE WT or no neoantigen affinity"
"TCGA-BQ-5885",30.279120229,0,"HLA-I ASE WT or no neoantigen affinity"
"TCGA-BQ-5886",26.038070816,0,"HLA-I ASE WT or no neoantigen affinity"
"TCGA-BQ-5887",25.347667423,0,"HLA-I ASE WT or no neoantigen affinity"
"TCGA-BQ-5888",13.24,0,"HLA-I ASE WT or no neoantigen affinity"
"TCGA-BQ-5890",7.65,0,"HLA-I ASE WT or no neoantigen affinity"
"TCGA-BQ-5891",0.95,0,"HLA-I ASE WT or no neoantigen affinity"
"TCGA-BQ-5893",7.92,1,"HLA-I ASE WT or no neoantigen affinity"
"TCGA-BQ-5894",2.76,0,"HLA-I ASE WT or no neoantigen affinity"
"TCGA-BQ-7044",123.52,0,"HLA-I ASE WT or no neoantigen affinity"
"TCGA-BQ-7046",96.919485814,0,"HLA-I ASE WT or no neoantigen affinity"
"TCGA-BQ-7049",44.81,1,"HLA-I ASE WT or no neoantigen affinity"
"TCGA-BQ-7050",61.24,0,"HLA-I ASE WT or no neoantigen affinity"
"TCGA-BQ-7053",49.840549693,0,"HLA-I ASE WT or no neoantigen affinity"
"TCGA-BQ-7055",26.25,0,"HLA-I ASE WT or no neoantigen affinity"
"TCGA-BQ-7058",11.27658875,1,"HLA-I ASE WT or no neoantigen affinity"
"TCGA-BQ-7059",7.6273136733,0,"HLA-I ASE WT or no neoantigen affinity"
"TCGA-BQ-7060",7.03,0,"HLA-I ASE WT or no neoantigen affinity"
"TCGA-BQ-7061",7.1670447447,0,"HLA-I ASE WT or no neoantigen affinity"
"TCGA-DW-5560",48.854259131,0,"HLA-I ASE WT or no neoantigen affinity"
"TCGA-DW-7834",129.86159056,0,"HLA-I ASE WT or no neoantigen affinity"
"TCGA-DW-7836",35.91,0,"HLA-I ASE WT or no neoantigen affinity"
"TCGA-DW-7839",13.76,0,"HLA-I ASE WT or no neoantigen affinity"
"TCGA-DW-7840",3.7479041326,0,"HLA-I ASE WT or no neoantigen affinity"
"TCGA-DW-7841",14.62,0,"HLA-I ASE WT or no neoantigen affinity"
"TCGA-DW-7842",3.02,0,"HLA-I ASE WT or no neoantigen affinity"
"TCGA-DW-7963",40.76667653,0,"HLA-I ASE WT or no neoantigen affinity"
"TCGA-DZ-6133",51.15,1,"HLA-I ASE WT or no neoantigen affinity"
"TCGA-EV-5901",34.17,0,"HLA-I ASE WT or no neoantigen affinity"
"TCGA-EV-5903",24.87,0,"HLA-I ASE WT or no neoantigen affinity"
"TCGA-F9-A4JJ",10.68,1,"HLA-I ASE WT or no neoantigen affinity"
"TCGA-F9-A7Q0",13.084788112,0,"HLA-I ASE WT or no neoantigen affinity"
"TCGA-F9-A8NY",1.1835486734,0,"HLA-I ASE WT or no neoantigen affinity"
"TCGA-F9-A97G",0.4273925765,0,"HLA-I ASE WT or no neoantigen affinity"
"TCGA-G7-6790",51.780254463,0,"HLA-I ASE WT or no neoantigen affinity"
"TCGA-G7-6792",90.83,0,"HLA-I ASE WT or no neoantigen affinity"
"TCGA-G7-6795",39.22,0,"HLA-I ASE WT or no neoantigen affinity"
"TCGA-G7-6796",71.39,0,"HLA-I ASE WT or no neoantigen affinity"
"TCGA-G7-7501",20.514843673,1,"HLA-I ASE WT or no neoantigen affinity"
"TCGA-G7-7502",25.840812703,0,"HLA-I ASE WT or no neoantigen affinity"
"TCGA-G7-A4TM",25.23,0,"HLA-I ASE WT or no neoantigen affinity"
"TCGA-G7-A8LE",80.645691554,0,"HLA-I ASE WT or no neoantigen affinity"
"TCGA-GL-6846",194.65,0,"HLA-I ASE WT or no neoantigen affinity"
"TCGA-GL-7773",12.920406352,0,"HLA-I ASE WT or no neoantigen affinity"
"TCGA-GL-7966",3.68,0,"HLA-I ASE WT or no neoantigen affinity"
"TCGA-GL-8500",27.63,0,"HLA-I ASE WT or no neoantigen affinity"
"TCGA-GL-A59T",17.94,0,"HLA-I ASE WT or no neoantigen affinity"
"TCGA-GL-A9DC",12.88753,0,"HLA-I ASE WT or no neoantigen affinity"
"TCGA-GL-A9DE",16.306670612,0,"HLA-I ASE WT or no neoantigen affinity"
"TCGA-HE-7129",81.927869284,0,"HLA-I ASE WT or no neoantigen affinity"
"TCGA-HE-A5NF",84.82,0,"HLA-I ASE WT or no neoantigen affinity"
"TCGA-HE-A5NH",26.005194464,0,"HLA-I ASE WT or no neoantigen affinity"
"TCGA-HE-A5NI",11.835486734,0,"HLA-I ASE WT or no neoantigen affinity"
"TCGA-HE-A5NJ",56.7,0,"HLA-I ASE WT or no neoantigen affinity"
"TCGA-HE-A5NK",73.19,0,"HLA-I ASE WT or no neoantigen affinity"
"TCGA-HE-A5NL",25.2,0,"HLA-I ASE WT or no neoantigen affinity"
"TCGA-IA-A40U",16.799815892,0,"HLA-I ASE WT or no neoantigen affinity"
"TCGA-IA-A40X",19.97,0,"HLA-I ASE WT or no neoantigen affinity"
"TCGA-IA-A83S",85.774402472,1,"HLA-I ASE WT or no neoantigen affinity"
"TCGA-IA-A83T",88.17,1,"HLA-I ASE WT or no neoantigen affinity"
"TCGA-IA-A83W",67.166387218,1,"HLA-I ASE WT or no neoantigen affinity"
"TCGA-IZ-8195",22.257290331,0,"HLA-I ASE WT or no neoantigen affinity"
"TCGA-IZ-8196",21.336752474,0,"HLA-I ASE WT or no neoantigen affinity"
"TCGA-IZ-A6M9",12.361508367,0,"HLA-I ASE WT or no neoantigen affinity"
"TCGA-J7-6720",12.756024592,0,"HLA-I ASE WT or no neoantigen affinity"
"TCGA-J7-8537",10.55,1,"HLA-I ASE WT or no neoantigen affinity"
"TCGA-J7-A8I2",10.093040076,0,"HLA-I ASE WT or no neoantigen affinity"
"TCGA-KV-A6GE",29.07,0,"HLA-I ASE WT or no neoantigen affinity"
"TCGA-KV-A74V",11.4,0,"HLA-I ASE WT or no neoantigen affinity"
"TCGA-MH-A55W",34.26,0,"HLA-I ASE WT or no neoantigen affinity"
"TCGA-MH-A55Z",27.780517474,0,"HLA-I ASE WT or no neoantigen affinity"
"TCGA-MH-A560",30.35,0,"HLA-I ASE WT or no neoantigen affinity"
"TCGA-MH-A561",27.63,0,"HLA-I ASE WT or no neoantigen affinity"
"TCGA-MH-A562",20.24,0,"HLA-I ASE WT or no neoantigen affinity"
"TCGA-MH-A854",17.61,0,"HLA-I ASE WT or no neoantigen affinity"
"TCGA-MH-A855",12.131373903,0,"HLA-I ASE WT or no neoantigen affinity"
"TCGA-MH-A856",31.11,0,"HLA-I ASE WT or no neoantigen affinity"
"TCGA-O9-A75Z",15.47,0,"HLA-I ASE WT or no neoantigen affinity"
"TCGA-P4-A5E6",99.779728441,0,"HLA-I ASE WT or no neoantigen affinity"
"TCGA-P4-A5ED",92.579807345,0,"HLA-I ASE WT or no neoantigen affinity"
"TCGA-P4-AAVK",52.273399744,0,"HLA-I ASE WT or no neoantigen affinity"
"TCGA-P4-AAVL",16.010783443,1,"HLA-I ASE WT or no neoantigen affinity"
"TCGA-P4-AAVM",50.59670579,0,"HLA-I ASE WT or no neoantigen affinity"
"TCGA-P4-AAVO",78.903244896,0,"HLA-I ASE WT or no neoantigen affinity"
"TCGA-PJ-A5Z8",19.725811224,0,"HLA-I ASE WT or no neoantigen affinity"
"TCGA-PJ-A5Z9",17.753230102,0,"HLA-I ASE WT or no neoantigen affinity"
"TCGA-SX-A71R",47.86,0,"HLA-I ASE WT or no neoantigen affinity"
"TCGA-SX-A71S",49.446033468,0,"HLA-I ASE WT or no neoantigen affinity"
"TCGA-SX-A71U",44.613209718,0,"HLA-I ASE WT or no neoantigen affinity"
"TCGA-SX-A71V",28.78,0,"HLA-I ASE WT or no neoantigen affinity"
"TCGA-SX-A71W",35.35,0,"HLA-I ASE WT or no neoantigen affinity"
"TCGA-SX-A7SM",11.934115791,1,"HLA-I ASE WT or no neoantigen affinity"
"TCGA-SX-A7SN",19.002531479,0,"HLA-I ASE WT or no neoantigen affinity"
"TCGA-SX-A7SO",41.325574514,0,"HLA-I ASE WT or no neoantigen affinity"
"TCGA-SX-A7SP",16.306670612,1,"HLA-I ASE WT or no neoantigen affinity"
"TCGA-SX-A7SR",26.465463392,0,"HLA-I ASE WT or no neoantigen affinity"
"TCGA-SX-A7SU",43.758424565,0,"HLA-I ASE WT or no neoantigen affinity"
"TCGA-UZ-A9PK",117.40145313,0,"HLA-I ASE WT or no neoantigen affinity"
"TCGA-UZ-A9PL",103.62626163,0,"HLA-I ASE WT or no neoantigen affinity"
"TCGA-UZ-A9PP",98.95781964,0,"HLA-I ASE WT or no neoantigen affinity"
"TCGA-UZ-A9PR",86.366176809,0,"HLA-I ASE WT or no neoantigen affinity"
"TCGA-UZ-A9PS",71.243054871,0,"HLA-I ASE WT or no neoantigen affinity"
"TCGA-UZ-A9PV",47.473452346,0,"HLA-I ASE WT or no neoantigen affinity"
"TCGA-UZ-A9PX",65.128053391,0,"HLA-I ASE WT or no neoantigen affinity"
"TCGA-UZ-A9PZ",21.59976329,0,"HLA-I ASE WT or no neoantigen affinity"
"TCGA-UZ-A9Q0",110.72755367,0,"HLA-I ASE WT or no neoantigen affinity"
"TCGA-UZ-A9Q1",51.352861886,0,"HLA-I ASE WT or no neoantigen affinity"
"TCGA-V9-A7HT",31.7,0,"HLA-I ASE WT or no neoantigen affinity"
"TCGA-WN-AB4C",39.057106223,0,"HLA-I ASE WT or no neoantigen affinity"
"TCGA-Y8-A894",18.640891607,0,"HLA-I ASE WT or no neoantigen affinity"
"TCGA-Y8-A895",15.912154387,0,"HLA-I ASE WT or no neoantigen affinity"
"TCGA-Y8-A897",18.04911727,0,"HLA-I ASE WT or no neoantigen affinity"
"TCGA-Y8-A898",15.6,0,"HLA-I ASE WT or no neoantigen affinity"
"TCGA-Y8-A8RY",25.281914719,0,"HLA-I ASE WT or no neoantigen affinity"
"TCGA-Y8-A8RZ",6.7396521682,0,"HLA-I ASE WT or no neoantigen affinity"
"TCGA-Y8-A8S0",6.0163724233,0,"HLA-I ASE WT or no neoantigen affinity"
"TCGA-Y8-A8S1",13.282046224,0,"HLA-I ASE WT or no neoantigen affinity"
