"","Months","Deceased","Type"
"TCGA-2Z-A9JT",22.487424795,0,"HLA-I ASE loss & neoantigen affinity to gene with ASE loss"
"TCGA-5P-A9JW",106.55225696,0,"HLA-I ASE loss & neoantigen affinity to gene with ASE loss"
"TCGA-5P-A9K6",62.925337805,0,"HLA-I ASE loss & neoantigen affinity to gene with ASE loss"
"TCGA-A4-7286",18.2,0,"HLA-I ASE loss & neoantigen affinity to gene with ASE loss"
"TCGA-BQ-7045",48.262484795,1,"HLA-I ASE loss & neoantigen affinity to gene with ASE loss"
"TCGA-BQ-7062",3.8136568366,0,"HLA-I ASE loss & neoantigen affinity to gene with ASE loss"
"TCGA-DW-7837",37.52,0,"HLA-I ASE loss & neoantigen affinity to gene with ASE loss"
"TCGA-IZ-A6M8",16.339546964,0,"HLA-I ASE loss & neoantigen affinity to gene with ASE loss"
"TCGA-UZ-A9PM",125.29177762,0,"HLA-I ASE loss & neoantigen affinity to gene with ASE loss"
"TCGA-UZ-A9PO",62.826708748,0,"HLA-I ASE loss & neoantigen affinity to gene with ASE loss"
"TCGA-2Z-A9J2",59.013051912,0,"HLA-I ASE WT or no neoantigen affinity"
"TCGA-2Z-A9J5",100.27287372,0,"HLA-I ASE WT or no neoantigen affinity"
"TCGA-2Z-A9J6",56.908965381,0,"HLA-I ASE WT or no neoantigen affinity"
"TCGA-2Z-A9JM",30.706512805,0,"HLA-I ASE WT or no neoantigen affinity"
"TCGA-2Z-A9JR",5.2930926784,0,"HLA-I ASE WT or no neoantigen affinity"
"TCGA-5P-A9KE",27.090114081,0,"HLA-I ASE WT or no neoantigen affinity"
"TCGA-A4-7583",0.0986290561,0,"HLA-I ASE WT or no neoantigen affinity"
"TCGA-A4-7996",16.62,0,"HLA-I ASE WT or no neoantigen affinity"
"TCGA-A4-A48D",12.460137423,0,"HLA-I ASE WT or no neoantigen affinity"
"TCGA-A4-A6HP",12.460137423,0,"HLA-I ASE WT or no neoantigen affinity"
"TCGA-A4-A772",0,0,"HLA-I ASE WT or no neoantigen affinity"
"TCGA-B1-A47M",21.665515994,0,"HLA-I ASE WT or no neoantigen affinity"
"TCGA-B1-A657",21.073741658,0,"HLA-I ASE WT or no neoantigen affinity"
"TCGA-B3-4103",30.575007397,0,"HLA-I ASE WT or no neoantigen affinity"
"TCGA-B9-4113",50.46,1,"HLA-I ASE WT or no neoantigen affinity"
"TCGA-B9-4115",26.399710688,0,"HLA-I ASE WT or no neoantigen affinity"
"TCGA-B9-4117",0.46,0,"HLA-I ASE WT or no neoantigen affinity"
"TCGA-B9-5156",43.96,0,"HLA-I ASE WT or no neoantigen affinity"
"TCGA-B9-A5W8",17.227208469,0,"HLA-I ASE WT or no neoantigen affinity"
"TCGA-BQ-5881",47.802215866,0,"HLA-I ASE WT or no neoantigen affinity"
"TCGA-BQ-5886",26.038070816,0,"HLA-I ASE WT or no neoantigen affinity"
"TCGA-BQ-7046",96.919485814,0,"HLA-I ASE WT or no neoantigen affinity"
"TCGA-BQ-7053",49.840549693,0,"HLA-I ASE WT or no neoantigen affinity"
"TCGA-BQ-7059",7.6273136733,0,"HLA-I ASE WT or no neoantigen affinity"
"TCGA-BQ-7060",7.03,0,"HLA-I ASE WT or no neoantigen affinity"
"TCGA-DW-7841",14.62,0,"HLA-I ASE WT or no neoantigen affinity"
"TCGA-DW-7963",40.76667653,0,"HLA-I ASE WT or no neoantigen affinity"
"TCGA-G7-6790",51.780254463,0,"HLA-I ASE WT or no neoantigen affinity"
"TCGA-G7-6795",39.22,0,"HLA-I ASE WT or no neoantigen affinity"
"TCGA-G7-7502",25.840812703,0,"HLA-I ASE WT or no neoantigen affinity"
"TCGA-GL-A59T",17.94,0,"HLA-I ASE WT or no neoantigen affinity"
"TCGA-HE-A5NF",84.82,0,"HLA-I ASE WT or no neoantigen affinity"
"TCGA-HE-A5NK",73.19,0,"HLA-I ASE WT or no neoantigen affinity"
"TCGA-HE-A5NL",25.2,0,"HLA-I ASE WT or no neoantigen affinity"
"TCGA-IA-A40U",16.799815892,0,"HLA-I ASE WT or no neoantigen affinity"
"TCGA-IA-A83S",85.774402472,1,"HLA-I ASE WT or no neoantigen affinity"
"TCGA-IA-A83T",88.17,1,"HLA-I ASE WT or no neoantigen affinity"
"TCGA-IA-A83W",67.166387218,1,"HLA-I ASE WT or no neoantigen affinity"
"TCGA-J7-6720",12.756024592,0,"HLA-I ASE WT or no neoantigen affinity"
"TCGA-MH-A562",20.24,0,"HLA-I ASE WT or no neoantigen affinity"
"TCGA-P4-A5E6",99.779728441,0,"HLA-I ASE WT or no neoantigen affinity"
"TCGA-PJ-A5Z8",19.725811224,0,"HLA-I ASE WT or no neoantigen affinity"
"TCGA-SX-A71U",44.613209718,0,"HLA-I ASE WT or no neoantigen affinity"
"TCGA-SX-A7SN",19.002531479,0,"HLA-I ASE WT or no neoantigen affinity"
"TCGA-SX-A7SP",16.306670612,1,"HLA-I ASE WT or no neoantigen affinity"
"TCGA-SX-A7SR",26.465463392,0,"HLA-I ASE WT or no neoantigen affinity"
"TCGA-V9-A7HT",31.7,0,"HLA-I ASE WT or no neoantigen affinity"
"TCGA-Y8-A897",18.04911727,0,"HLA-I ASE WT or no neoantigen affinity"
"TCGA-Y8-A898",15.6,0,"HLA-I ASE WT or no neoantigen affinity"
"TCGA-Y8-A8RY",25.281914719,0,"HLA-I ASE WT or no neoantigen affinity"
