"","Months","Deceased","Type"
"TCGA-A4-7915",0.2301344643,0,"HLA-I ASE loss & neoantigen affinity to gene with ASE loss"
"TCGA-B1-7332",37.511917678,0,"HLA-I ASE loss & neoantigen affinity to gene with ASE loss"
"TCGA-BQ-7051",50.36,0,"HLA-I ASE loss & neoantigen affinity to gene with ASE loss"
"TCGA-UZ-A9PM",125.29177762,0,"HLA-I ASE loss & neoantigen affinity to gene with ASE loss"
"TCGA-2Z-A9J3",58.224019463,1,"HLA-I ASE WT or no neoantigen affinity"
"TCGA-2Z-A9J5",100.27287372,0,"HLA-I ASE WT or no neoantigen affinity"
"TCGA-4A-A93Y",11.572475918,0,"HLA-I ASE WT or no neoantigen affinity"
"TCGA-A4-A5XZ",15.747772627,0,"HLA-I ASE WT or no neoantigen affinity"
"TCGA-AL-3473",62.662326988,0,"HLA-I ASE WT or no neoantigen affinity"
"TCGA-B3-4104",34.48729329,0,"HLA-I ASE WT or no neoantigen affinity"
"TCGA-B9-7268",22.04,0,"HLA-I ASE WT or no neoantigen affinity"
"TCGA-B9-A5W8",17.227208469,0,"HLA-I ASE WT or no neoantigen affinity"
"TCGA-HE-7129",81.927869284,0,"HLA-I ASE WT or no neoantigen affinity"
"TCGA-IA-A83S",85.774402472,1,"HLA-I ASE WT or no neoantigen affinity"
"TCGA-IA-A83T",88.17,1,"HLA-I ASE WT or no neoantigen affinity"
"TCGA-IZ-8195",22.257290331,0,"HLA-I ASE WT or no neoantigen affinity"
"TCGA-MH-A855",12.131373903,0,"HLA-I ASE WT or no neoantigen affinity"
"TCGA-SX-A7SR",26.465463392,0,"HLA-I ASE WT or no neoantigen affinity"
"TCGA-UZ-A9PL",103.62626163,0,"HLA-I ASE WT or no neoantigen affinity"
"TCGA-UZ-A9PS",71.243054871,0,"HLA-I ASE WT or no neoantigen affinity"
"TCGA-V9-A7HT",31.7,0,"HLA-I ASE WT or no neoantigen affinity"
