"","Months","Deceased","Type"
"TCGA-2J-AABI",31.857185127,0,"HLA-I ASE loss"
"TCGA-2L-AAQE",22.487424795,1,"HLA-I ASE loss"
"TCGA-3A-A9IB",7.364302857,1,"HLA-I ASE loss"
"TCGA-3A-A9IC",24.262747806,1,"HLA-I ASE loss"
"TCGA-3A-A9IZ",10.125916428,1,"HLA-I ASE loss"
"TCGA-FB-A5VM",16.372423316,1,"HLA-I ASE loss"
"TCGA-FB-AAQ2",5.0300818621,1,"HLA-I ASE loss"
"TCGA-H6-8124",12.88753,0,"HLA-I ASE loss"
"TCGA-HZ-8005",3.9451622448,1,"HLA-I ASE loss"
"TCGA-IB-7893",3.8465331887,1,"HLA-I ASE loss"
"TCGA-IB-A5SS",15.123121938,1,"HLA-I ASE loss"
"TCGA-IB-A6UF",21.895650459,0,"HLA-I ASE loss"
"TCGA-IB-AAUO",7.8574481376,1,"HLA-I ASE loss"
"TCGA-IB-AAUQ",6.0163724233,1,"HLA-I ASE loss"
"TCGA-2J-AAB6",9.6327711477,1,"HLA-I ASE WT"
"TCGA-3A-A9IU",15.057369234,1,"HLA-I ASE WT"
"TCGA-FB-A545",24.065489693,1,"HLA-I ASE WT"
"TCGA-FB-AAPZ",23.539468061,0,"HLA-I ASE WT"
"TCGA-HV-A5A6",66.936252753,1,"HLA-I ASE WT"
"TCGA-IB-7646",4.7670710458,1,"HLA-I ASE WT"
"TCGA-IB-7885",41.325574514,0,"HLA-I ASE WT"
"TCGA-IB-7890",19.66005852,1,"HLA-I ASE WT"
"TCGA-IB-8127",17.161455765,0,"HLA-I ASE WT"
"TCGA-IB-A7LX",8.21908801,1,"HLA-I ASE WT"
"TCGA-IB-A7M4",15.879278035,0,"HLA-I ASE WT"
"TCGA-S4-A8RO",17.260084821,0,"HLA-I ASE WT"
"TCGA-XD-AAUL",16.372423316,0,"HLA-I ASE WT"
"TCGA-YH-A8SY",12.756024592,0,"HLA-I ASE WT"
