"","Months","Deceased","Type"
"Pt13",9.205476,1,"HLA-I ASE loss & neoantigen affinity to gene with ASE loss"
"Pt17",1.8739719,1,"HLA-I ASE loss & neoantigen affinity to gene with ASE loss"
"Pt27",15.6164325,1,"HLA-I ASE loss & neoantigen affinity to gene with ASE loss"
"Pt37",21.2383482,1,"HLA-I ASE loss & neoantigen affinity to gene with ASE loss"
"Pt11",27.5177979,1,"HLA-I ASE WT or no neoantigen affinity"
"Pt18",35.2766991,0,"HLA-I ASE WT or no neoantigen affinity"
"Pt23",1.7095884,1,"HLA-I ASE WT or no neoantigen affinity"
"Pt26",31.2986184,0,"HLA-I ASE WT or no neoantigen affinity"
"Pt28",24.328758,1,"HLA-I ASE WT or no neoantigen affinity"
"Pt34",27.4191678,0,"HLA-I ASE WT or no neoantigen affinity"
"Pt3",37.6109448,0,"HLA-I ASE WT or no neoantigen affinity"
"Pt47",23.6054706,1,"HLA-I ASE WT or no neoantigen affinity"
"Pt52",15.6493092,1,"HLA-I ASE WT or no neoantigen affinity"
"Pt89",27.7479348,1,"HLA-I ASE WT or no neoantigen affinity"
"Pt93",27.9123183,0,"HLA-I ASE WT or no neoantigen affinity"
"Pt9",3.0246564,1,"HLA-I ASE WT or no neoantigen affinity"
