"","Months","Deceased","Type"
"Pt13",9.205476,1,"HLA-I exp LOSS"
"Pt17",1.8739719,1,"HLA-I exp LOSS"
"Pt23",1.7095884,1,"HLA-I exp LOSS"
"Pt27",15.6164325,1,"HLA-I exp LOSS"
"Pt28",24.328758,1,"HLA-I exp LOSS"
"Pt37",21.2383482,1,"HLA-I exp LOSS"
"Pt67",33.9287544,0,"HLA-I exp LOSS"
"Pt89",27.7479348,1,"HLA-I exp LOSS"
"Pt92",10.9479411,1,"HLA-I exp LOSS"
"Pt11",27.5177979,1,"HLA-I exp WT"
"Pt18",35.2766991,0,"HLA-I exp WT"
"Pt26",31.2986184,0,"HLA-I exp WT"
"Pt34",27.4191678,0,"HLA-I exp WT"
"Pt3",37.6109448,0,"HLA-I exp WT"
"Pt47",23.6054706,1,"HLA-I exp WT"
"Pt52",15.6493092,1,"HLA-I exp WT"
"Pt93",27.9123183,0,"HLA-I exp WT"
"Pt9",3.0246564,1,"HLA-I exp WT"
