"","Months","Deceased","Type"
"Pt17",1.8739719,1,"HLA-I exp LOSS"
"Pt23",1.7095884,1,"HLA-I exp LOSS"
"Pt24",4.8986283,0,"HLA-I exp LOSS"
"Pt27",15.6164325,1,"HLA-I exp LOSS"
"Pt30",34.6191651,0,"HLA-I exp LOSS"
"Pt31",31.5945087,0,"HLA-I exp LOSS"
"Pt34",27.4191678,0,"HLA-I exp LOSS"
"Pt36",35.5397127,0,"HLA-I exp LOSS"
"Pt37",21.2383482,1,"HLA-I exp LOSS"
"Pt38",5.4904089,1,"HLA-I exp LOSS"
"Pt3",37.6109448,0,"HLA-I exp LOSS"
"Pt5",7.2986274,1,"HLA-I exp LOSS"
"Pt67",33.9287544,0,"HLA-I exp LOSS"
"Pt77",15.4849257,1,"HLA-I exp LOSS"
"Pt82",14.1041043,1,"HLA-I exp LOSS"
"Pt89",27.7479348,1,"HLA-I exp LOSS"
"Pt8",8.5150653,1,"HLA-I exp LOSS"
"Pt90",5.7205458,1,"HLA-I exp LOSS"
"Pt92",10.9479411,1,"HLA-I exp LOSS"
"Pt101",27.4191678,0,"HLA-I exp WT"
"Pt103",15.9123228,0,"HLA-I exp WT"
"Pt106",2.9917797,1,"HLA-I exp WT"
"Pt10",8.4164352,1,"HLA-I exp WT"
"Pt11",27.5177979,1,"HLA-I exp WT"
"Pt18",35.2766991,0,"HLA-I exp WT"
"Pt26",31.2986184,0,"HLA-I exp WT"
"Pt28",24.328758,1,"HLA-I exp WT"
"Pt29",8.9753391,1,"HLA-I exp WT"
"Pt44",35.9342331,0,"HLA-I exp WT"
"Pt46",7.4630109,1,"HLA-I exp WT"
"Pt47",23.6054706,1,"HLA-I exp WT"
"Pt48",34.3890282,0,"HLA-I exp WT"
"Pt49",27.1890309,0,"HLA-I exp WT"
"Pt4",20.8109511,1,"HLA-I exp WT"
"Pt52",15.6493092,1,"HLA-I exp WT"
"Pt59",23.2767036,1,"HLA-I exp WT"
"Pt65",22.7506764,0,"HLA-I exp WT"
"Pt66",17.8191714,1,"HLA-I exp WT"
"Pt72",25.315059,1,"HLA-I exp WT"
"Pt76",0.328767,1,"HLA-I exp WT"
"Pt79",7.1671206,1,"HLA-I exp WT"
"Pt84",4.9643817,1,"HLA-I exp WT"
"Pt85",29.7205368,0,"HLA-I exp WT"
"Pt94",32.2520427,0,"HLA-I exp WT"
"Pt98",24.5588949,1,"HLA-I exp WT"
"Pt9",3.0246564,1,"HLA-I exp WT"
