"","Months","Deceased","Type"
"Pt17",1.8739719,1,"HLA-I exp LOSS"
"Pt23",1.7095884,1,"HLA-I exp LOSS"
"Pt27",15.6164325,1,"HLA-I exp LOSS"
"Pt37",21.2383482,1,"HLA-I exp LOSS"
"Pt38",5.4904089,1,"HLA-I exp LOSS"
"Pt3",37.6109448,0,"HLA-I exp LOSS"
"Pt89",27.7479348,1,"HLA-I exp LOSS"
"Pt90",5.7205458,1,"HLA-I exp LOSS"
"Pt92",10.9479411,1,"HLA-I exp LOSS"
"Pt11",27.5177979,1,"HLA-I exp WT"
"Pt18",35.2766991,0,"HLA-I exp WT"
"Pt26",31.2986184,0,"HLA-I exp WT"
"Pt28",24.328758,1,"HLA-I exp WT"
"Pt29",8.9753391,1,"HLA-I exp WT"
"Pt47",23.6054706,1,"HLA-I exp WT"
"Pt49",27.1890309,0,"HLA-I exp WT"
"Pt52",15.6493092,1,"HLA-I exp WT"
"Pt59",23.2767036,1,"HLA-I exp WT"
"Pt66",17.8191714,1,"HLA-I exp WT"
"Pt72",25.315059,1,"HLA-I exp WT"
"Pt84",4.9643817,1,"HLA-I exp WT"
"Pt85",29.7205368,0,"HLA-I exp WT"
"Pt94",32.2520427,0,"HLA-I exp WT"
"Pt98",24.5588949,1,"HLA-I exp WT"
"Pt9",3.0246564,1,"HLA-I exp WT"
