"","Months","Deceased","Type"
"HSH16",30.7,1,"HLA-I exp LOSS"
"HSH18",10.7,1,"HLA-I exp LOSS"
"HSH4",66.0666666666667,0,"HLA-I exp LOSS"
"KC021",13.1,1,"HLA-I exp LOSS"
"KC024",22.6666666666667,1,"HLA-I exp LOSS"
"KC026",45.9,0,"HLA-I exp LOSS"
"KC062",19.8666666666667,0,"HLA-I exp LOSS"
"KC068",19.2333333333333,1,"HLA-I exp LOSS"
"KC070",41.7,1,"HLA-I exp LOSS"
"KC076",20.2666666666667,1,"HLA-I exp LOSS"
"KC080",49.4333333333333,1,"HLA-I exp LOSS"
"KC084",9.36666666666667,1,"HLA-I exp LOSS"
"KC154",40,1,"HLA-I exp LOSS"
"KC162",30.8666666666667,1,"HLA-I exp LOSS"
"KC171",12.5,1,"HLA-I exp LOSS"
"KC174",88.5,1,"HLA-I exp LOSS"
"KC176",14.0333333333333,1,"HLA-I exp LOSS"
"KC190",55.1666666666667,1,"HLA-I exp LOSS"
"KC207",17.3,1,"HLA-I exp LOSS"
"KC216",12.7,1,"HLA-I exp LOSS"
"KC219",8.43333333333333,1,"HLA-I exp LOSS"
"KC221",24.5,1,"HLA-I exp LOSS"
"KC225",30.4333333333333,1,"HLA-I exp LOSS"
"KC237",48.9666666666667,1,"HLA-I exp LOSS"
"KC346",15.9666666666667,1,"HLA-I exp LOSS"
"HSH12",30.4,1,"HLA-I exp WT"
"HSH14",67.4666666666667,0,"HLA-I exp WT"
"HSH2",30.2,1,"HLA-I exp WT"
"HSH6",36.7666666666667,1,"HLA-I exp WT"
"KC012",16.4666666666667,1,"HLA-I exp WT"
"KC014",51.6666666666667,0,"HLA-I exp WT"
"KC016",10.5,1,"HLA-I exp WT"
"KC018",32.6333333333333,1,"HLA-I exp WT"
"KC029",17.6666666666667,1,"HLA-I exp WT"
"KC031",28.6666666666667,0,"HLA-I exp WT"
"KC033",19.8333333333333,1,"HLA-I exp WT"
"KC045",11.7333333333333,1,"HLA-I exp WT"
"KC047",9.13333333333333,1,"HLA-I exp WT"
"KC053",10.9333333333333,1,"HLA-I exp WT"
"KC054",7.23333333333333,0,"HLA-I exp WT"
"KC057",134.2,1,"HLA-I exp WT"
"KC058",18.5333333333333,1,"HLA-I exp WT"
"KC064",15.8,0,"HLA-I exp WT"
"KC066",11.3666666666667,1,"HLA-I exp WT"
"KC072",35.8666666666667,1,"HLA-I exp WT"
"KC074",47.2666666666667,1,"HLA-I exp WT"
"KC082",32.3333333333333,0,"HLA-I exp WT"
"KC086",10.6333333333333,1,"HLA-I exp WT"
"KC090",34.6333333333333,1,"HLA-I exp WT"
"KC092",49.5333333333333,1,"HLA-I exp WT"
"KC094",17.3666666666667,1,"HLA-I exp WT"
"KC096",35.9,1,"HLA-I exp WT"
"KC106",24.8,1,"HLA-I exp WT"
"KC122",45.8333333333333,1,"HLA-I exp WT"
"KC124",6.36666666666667,1,"HLA-I exp WT"
"KC128",49.4333333333333,0,"HLA-I exp WT"
"KC131",9.93333333333333,1,"HLA-I exp WT"
"KC133",11.5333333333333,1,"HLA-I exp WT"
"KC135",40.6,0,"HLA-I exp WT"
"KC143",15.5333333333333,1,"HLA-I exp WT"
"KC145",46.5333333333333,1,"HLA-I exp WT"
"KC147",90.6666666666667,1,"HLA-I exp WT"
"KC149",21.2,1,"HLA-I exp WT"
"KC152",18.4666666666667,1,"HLA-I exp WT"
"KC156",25.2333333333333,1,"HLA-I exp WT"
"KC158",18.2666666666667,1,"HLA-I exp WT"
"KC160",1.23333333333333,1,"HLA-I exp WT"
"KC164",52.4333333333333,0,"HLA-I exp WT"
"KC166",23.2,1,"HLA-I exp WT"
"KC169",18.8333333333333,1,"HLA-I exp WT"
"KC180",11.6666666666667,1,"HLA-I exp WT"
"KC182",33.4,1,"HLA-I exp WT"
"KC192",5.33333333333333,1,"HLA-I exp WT"
"KC194",12.8,1,"HLA-I exp WT"
"KC205",36.4666666666667,1,"HLA-I exp WT"
"KC211",44.9666666666667,1,"HLA-I exp WT"
"KC214",12.5333333333333,1,"HLA-I exp WT"
"KC223",14.5333333333333,1,"HLA-I exp WT"
"KC227",23.8,1,"HLA-I exp WT"
"KC239",4.63333333333333,1,"HLA-I exp WT"
"KC241",0.0666666666666667,1,"HLA-I exp WT"
"KC244",27.4666666666667,1,"HLA-I exp WT"
"KC246",10.7666666666667,1,"HLA-I exp WT"
"KC249",18.5,1,"HLA-I exp WT"
"KC252",13.4333333333333,1,"HLA-I exp WT"
"KC255",40.9,1,"HLA-I exp WT"
"KC257",29.8,1,"HLA-I exp WT"
"KC259",21.9,1,"HLA-I exp WT"
"KC261",33.8666666666667,1,"HLA-I exp WT"
"KC295",91.9,0,"HLA-I exp WT"
"KC343",1.8,0,"HLA-I exp WT"
"KC348",10.2666666666667,1,"HLA-I exp WT"
"KC351",19.9666666666667,1,"HLA-I exp WT"
"KC354",21,1,"HLA-I exp WT"
"KC357",17.2333333333333,1,"HLA-I exp WT"
"KC359",11.9,0,"HLA-I exp WT"
