"","Months","Deceased","Type"
"TCGA-2J-AAB1",2.1698392346,1,"HLA-I ASE loss"
"TCGA-2J-AAB4",23.966860637,0,"HLA-I ASE loss"
"TCGA-2J-AAB8",2.6301081632,0,"HLA-I ASE loss"
"TCGA-2J-AABA",19.955945688,1,"HLA-I ASE loss"
"TCGA-2J-AABF",22.71755926,1,"HLA-I ASE loss"
"TCGA-2J-AABT",10.487556301,0,"HLA-I ASE loss"
"TCGA-2L-AAQA",4.7013183417,1,"HLA-I ASE loss"
"TCGA-3A-A9I5",58.98017556,0,"HLA-I ASE loss"
"TCGA-3A-A9I9",20.843607193,1,"HLA-I ASE loss"
"TCGA-3A-A9IC",24.262747806,1,"HLA-I ASE loss"
"TCGA-3E-AAAZ",71.736200151,1,"HLA-I ASE loss"
"TCGA-F2-6879",10.980701581,1,"HLA-I ASE loss"
"TCGA-FB-AAPQ",37.150277805,1,"HLA-I ASE loss"
"TCGA-FB-AAPY",34.81605681,1,"HLA-I ASE loss"
"TCGA-FB-AAQ3",1.0191669132,1,"HLA-I ASE loss"
"TCGA-HV-A7OL",8.2848407141,0,"HLA-I ASE loss"
"TCGA-HZ-7919",19.49567676,1,"HLA-I ASE loss"
"TCGA-HZ-7922",0.1315054082,0,"HLA-I ASE loss"
"TCGA-HZ-7926",17.029950357,1,"HLA-I ASE loss"
"TCGA-HZ-A77P",10.849196173,0,"HLA-I ASE loss"
"TCGA-IB-7652",36.690008877,0,"HLA-I ASE loss"
"TCGA-IB-A5SP",15.846401683,0,"HLA-I ASE loss"
"TCGA-US-A779",16.799815892,1,"HLA-I ASE loss"
"TCGA-US-A77G",0.3945162245,1,"HLA-I ASE loss"
"TCGA-YB-A89D",11.506723214,0,"HLA-I ASE loss"
"TCGA-YY-A8LH",66.278725713,0,"HLA-I ASE loss"
"TCGA-2J-AABH",42.311865075,0,"HLA-I ASE WT"
"TCGA-2J-AABK",15.912154387,0,"HLA-I ASE WT"
"TCGA-2L-AAQJ",12.953282704,1,"HLA-I ASE WT"
"TCGA-2L-AAQL",9.5998947957,1,"HLA-I ASE WT"
"TCGA-3A-A9J0",24.427129566,0,"HLA-I ASE WT"
"TCGA-3E-AAAY",75.122464411,0,"HLA-I ASE WT"
"TCGA-F2-A44G",7.6601900253,1,"HLA-I ASE WT"
"TCGA-F2-A44H",19.265542295,0,"HLA-I ASE WT"
"TCGA-FB-A4P6",NA,NA,"HLA-I ASE WT"
"TCGA-FB-A78T",12.328632015,1,"HLA-I ASE WT"
"TCGA-FB-AAPU",12.525890127,1,"HLA-I ASE WT"
"TCGA-FB-AAQ0",15.550514515,1,"HLA-I ASE WT"
"TCGA-FB-AAQ6",8.0218298978,1,"HLA-I ASE WT"
"TCGA-H6-A45N",13.840944209,1,"HLA-I ASE WT"
"TCGA-HV-A5A4",7.6273136733,0,"HLA-I ASE WT"
"TCGA-HV-A5A5",9.5012657396,0,"HLA-I ASE WT"
"TCGA-HV-A5A6",66.936252753,1,"HLA-I ASE WT"
"TCGA-HV-AA8X",17.490219285,1,"HLA-I ASE WT"
"TCGA-HZ-8003",19.594305816,1,"HLA-I ASE WT"
"TCGA-HZ-8317",12.427261071,1,"HLA-I ASE WT"
"TCGA-HZ-8519",14.925863826,0,"HLA-I ASE WT"
"TCGA-HZ-8636",17.917611862,1,"HLA-I ASE WT"
"TCGA-HZ-8637",16.997074005,1,"HLA-I ASE WT"
"TCGA-HZ-A49G",21.698392346,0,"HLA-I ASE WT"
"TCGA-HZ-A49H",16.142288852,0,"HLA-I ASE WT"
"TCGA-HZ-A49I",10.125916428,1,"HLA-I ASE WT"
"TCGA-HZ-A4BK",21.59976329,0,"HLA-I ASE WT"
"TCGA-HZ-A8P0",0,0,"HLA-I ASE WT"
"TCGA-HZ-A8P1",0.2301344643,0,"HLA-I ASE WT"
"TCGA-HZ-A9TJ",19.82444028,0,"HLA-I ASE WT"
"TCGA-IB-7644",12.953282704,1,"HLA-I ASE WT"
"TCGA-IB-7645",49.380280764,1,"HLA-I ASE WT"
"TCGA-IB-7649",15.353256403,1,"HLA-I ASE WT"
"TCGA-IB-7886",4.0437913009,1,"HLA-I ASE WT"
"TCGA-IB-7888",43.791300917,1,"HLA-I ASE WT"
"TCGA-IB-7891",30.016109412,1,"HLA-I ASE WT"
"TCGA-IB-8126",15.188874642,0,"HLA-I ASE WT"
"TCGA-IB-A5ST",20.876483545,0,"HLA-I ASE WT"
"TCGA-IB-AAUU",8.0547062498,0,"HLA-I ASE WT"
"TCGA-LB-A8F3",12.460137423,0,"HLA-I ASE WT"
"TCGA-OE-A75W",8.7779859947,1,"HLA-I ASE WT"
"TCGA-Q3-AA2A",3.1232534438,0,"HLA-I ASE WT"
"TCGA-RB-A7B8",15.320380051,1,"HLA-I ASE WT"
"TCGA-S4-A8RM",24.229871453,0,"HLA-I ASE WT"
"TCGA-S4-A8RP",23.079199132,1,"HLA-I ASE WT"
"TCGA-US-A774",22.849064668,1,"HLA-I ASE WT"
"TCGA-US-A776",39.977644081,0,"HLA-I ASE WT"
"TCGA-US-A77E",14.136831377,1,"HLA-I ASE WT"
"TCGA-Z5-AAPL",15.353256403,0,"HLA-I ASE WT"
