"","Months","Deceased","Type"
"TCGA-2J-AABI",31.857185127,0,"HLA-I exp LOSS"
"TCGA-2L-AAQE",22.487424795,1,"HLA-I exp LOSS"
"TCGA-2L-AAQI",3.3862642601,1,"HLA-I exp LOSS"
"TCGA-3A-A9IB",7.364302857,1,"HLA-I exp LOSS"
"TCGA-3A-A9IH",33.566755433,0,"HLA-I exp LOSS"
"TCGA-3A-A9IZ",10.125916428,1,"HLA-I exp LOSS"
"TCGA-F2-A7TX",3.1232534438,1,"HLA-I exp LOSS"
"TCGA-F2-A8YN",16.997074005,0,"HLA-I exp LOSS"
"TCGA-FB-A5VM",16.372423316,1,"HLA-I exp LOSS"
"TCGA-FB-AAQ1",4.0437913009,1,"HLA-I exp LOSS"
"TCGA-FB-AAQ2",5.0300818621,1,"HLA-I exp LOSS"
"TCGA-H6-8124",12.88753,0,"HLA-I exp LOSS"
"TCGA-HZ-8005",3.9451622448,1,"HLA-I exp LOSS"
"TCGA-HZ-8315",9.83002926,1,"HLA-I exp LOSS"
"TCGA-HZ-A77Q",1.0849196173,0,"HLA-I exp LOSS"
"TCGA-IB-7887",3.6163987244,1,"HLA-I exp LOSS"
"TCGA-IB-7893",3.8465331887,1,"HLA-I exp LOSS"
"TCGA-IB-A5SS",15.123121938,1,"HLA-I exp LOSS"
"TCGA-IB-A6UF",21.895650459,0,"HLA-I exp LOSS"
"TCGA-IB-A6UG",1.3479304336,1,"HLA-I exp LOSS"
"TCGA-IB-AAUN",4.7341946938,1,"HLA-I exp LOSS"
"TCGA-IB-AAUO",7.8574481376,1,"HLA-I exp LOSS"
"TCGA-IB-AAUQ",6.0163724233,1,"HLA-I exp LOSS"
"TCGA-LB-A7SX",12.920406352,1,"HLA-I exp LOSS"
"TCGA-XD-AAUI",12.032744847,1,"HLA-I exp LOSS"
"TCGA-XN-A8T3",31.26541079,0,"HLA-I exp LOSS"
"TCGA-2J-AAB6",9.6327711477,1,"HLA_I exp WT"
"TCGA-2J-AAB9",20.613472729,1,"HLA_I exp WT"
"TCGA-2J-AABE",22.224413979,0,"HLA_I exp WT"
"TCGA-2J-AABO",14.465594898,0,"HLA_I exp WT"
"TCGA-2J-AABR",14.399842194,0,"HLA_I exp WT"
"TCGA-3A-A9IU",15.057369234,1,"HLA_I exp WT"
"TCGA-3A-A9IX",34.092777065,0,"HLA_I exp WT"
"TCGA-FB-A4P5",5.8848670152,1,"HLA_I exp WT"
"TCGA-FB-A545",24.065489693,1,"HLA_I exp WT"
"TCGA-FB-AAPZ",23.539468061,0,"HLA_I exp WT"
"TCGA-HZ-7925",20.186080153,1,"HLA_I exp WT"
"TCGA-HZ-8001",23.21070454,0,"HLA_I exp WT"
"TCGA-HZ-8002",12.032744847,1,"HLA_I exp WT"
"TCGA-HZ-A4BH",6.3780122958,0,"HLA_I exp WT"
"TCGA-HZ-A77O",5.2602163264,1,"HLA_I exp WT"
"TCGA-IB-7646",4.7670710458,1,"HLA_I exp WT"
"TCGA-IB-7885",41.325574514,0,"HLA_I exp WT"
"TCGA-IB-7889",15.813525331,1,"HLA_I exp WT"
"TCGA-IB-7890",19.66005852,1,"HLA_I exp WT"
"TCGA-IB-7897",NA,NA,"HLA_I exp WT"
"TCGA-IB-8127",17.161455765,0,"HLA_I exp WT"
"TCGA-IB-A5SQ",7.1999210968,1,"HLA_I exp WT"
"TCGA-IB-A7LX",8.21908801,1,"HLA_I exp WT"
"TCGA-IB-A7M4",15.879278035,0,"HLA_I exp WT"
"TCGA-M8-A5N4",19.199789591,0,"HLA_I exp WT"
"TCGA-Q3-A5QY",NA,NA,"HLA_I exp WT"
"TCGA-RB-AA9M",9.4026366834,0,"HLA_I exp WT"
"TCGA-S4-A8RO",17.260084821,0,"HLA_I exp WT"
"TCGA-XD-AAUH",12.986159056,0,"HLA_I exp WT"
"TCGA-XD-AAUL",16.372423316,0,"HLA_I exp WT"
"TCGA-XN-A8T5",23.670973469,0,"HLA_I exp WT"
"TCGA-YH-A8SY",12.756024592,0,"HLA_I exp WT"
