"","Months","Deceased","Type"
"KC011",16.4666666666667,1,"HLA-I exp LOSS"
"KC020",13.1,1,"HLA-I exp LOSS"
"KC023",22.6666666666667,1,"HLA-I exp LOSS"
"KC051",10.9333333333333,1,"HLA-I exp LOSS"
"KC067",19.2333333333333,1,"HLA-I exp LOSS"
"KC079",49.4333333333333,1,"HLA-I exp LOSS"
"KC083",9.36666666666667,1,"HLA-I exp LOSS"
"KC123",6.36666666666667,1,"HLA-I exp LOSS"
"KC130",9.93333333333333,1,"HLA-I exp LOSS"
"KC132",11.5333333333333,1,"HLA-I exp LOSS"
"KC148",21.2,1,"HLA-I exp LOSS"
"KC151",18.4666666666667,1,"HLA-I exp LOSS"
"KC153",40,1,"HLA-I exp LOSS"
"KC159",1.23333333333333,1,"HLA-I exp LOSS"
"KC165",23.2,1,"HLA-I exp LOSS"
"KC170",12.5,1,"HLA-I exp LOSS"
"KC175",14.0333333333333,1,"HLA-I exp LOSS"
"KC191",5.33333333333333,1,"HLA-I exp LOSS"
"KC210",44.9666666666667,1,"HLA-I exp LOSS"
"KC215",12.7,1,"HLA-I exp LOSS"
"KC218",8.43333333333333,1,"HLA-I exp LOSS"
"KC222",14.5333333333333,1,"HLA-I exp LOSS"
"KC240",0.0666666666666667,1,"HLA-I exp LOSS"
"KC243",27.4666666666667,1,"HLA-I exp LOSS"
"KC258",21.9,1,"HLA-I exp LOSS"
"KC260",33.8666666666667,1,"HLA-I exp LOSS"
"KC356",17.2333333333333,1,"HLA-I exp LOSS"
"HSH5",36.7666666666667,1,"HLA_I exp WT"
"KC044",11.7333333333333,1,"HLA_I exp WT"
"KC059",134.2,1,"HLA_I exp WT"
"KC063",15.8,0,"HLA_I exp WT"
"KC073",47.2666666666667,1,"HLA_I exp WT"
"KC105",24.8,1,"HLA_I exp WT"
"KC134",40.6,0,"HLA_I exp WT"
"KC146",90.6666666666667,1,"HLA_I exp WT"
"KC173",88.5,1,"HLA_I exp WT"
"KC213",12.5333333333333,1,"HLA_I exp WT"
"KC224",30.4333333333333,1,"HLA_I exp WT"
"KC228",23.8,1,"HLA_I exp WT"
"KC238",4.63333333333333,1,"HLA_I exp WT"
"KC248",18.5,1,"HLA_I exp WT"
"KC251",13.4333333333333,1,"HLA_I exp WT"
