"","Months","Deceased","Type"
"HSH15",30.7,1,"HLA-I exp LOSS"
"HSH17",10.7,1,"HLA-I exp LOSS"
"HSH3",66.0666666666667,0,"HLA-I exp LOSS"
"KC013",51.6666666666667,0,"HLA-I exp LOSS"
"KC025",45.9,0,"HLA-I exp LOSS"
"KC028",17.6666666666667,1,"HLA-I exp LOSS"
"KC030",28.6666666666667,0,"HLA-I exp LOSS"
"KC046",9.13333333333333,1,"HLA-I exp LOSS"
"KC048",18.5333333333333,1,"HLA-I exp LOSS"
"KC055",7.23333333333333,0,"HLA-I exp LOSS"
"KC061",19.8666666666667,0,"HLA-I exp LOSS"
"KC065",11.3666666666667,1,"HLA-I exp LOSS"
"KC081",32.3333333333333,0,"HLA-I exp LOSS"
"KC085",10.6333333333333,1,"HLA-I exp LOSS"
"KC089",34.6333333333333,1,"HLA-I exp LOSS"
"KC091",49.5333333333333,1,"HLA-I exp LOSS"
"KC142",15.5333333333333,1,"HLA-I exp LOSS"
"KC144",46.5333333333333,1,"HLA-I exp LOSS"
"KC155",25.2333333333333,1,"HLA-I exp LOSS"
"KC157",18.2666666666667,1,"HLA-I exp LOSS"
"KC163",52.4333333333333,0,"HLA-I exp LOSS"
"KC193",12.8,1,"HLA-I exp LOSS"
"KC204",36.4666666666667,1,"HLA-I exp LOSS"
"KC206",17.3,1,"HLA-I exp LOSS"
"KC220",24.5,1,"HLA-I exp LOSS"
"KC236",48.9666666666667,1,"HLA-I exp LOSS"
"KC342",1.8,0,"HLA-I exp LOSS"
"KC345",15.9666666666667,1,"HLA-I exp LOSS"
"KC350",19.9666666666667,1,"HLA-I exp LOSS"
"HSH1",30.2,1,"HLA_I exp WT"
"HSH11",30.4,1,"HLA_I exp WT"
"HSH13",67.4666666666667,0,"HLA_I exp WT"
"KC015",10.5,1,"HLA_I exp WT"
"KC017",32.6333333333333,1,"HLA_I exp WT"
"KC032",19.8333333333333,1,"HLA_I exp WT"
"KC069",41.7,1,"HLA_I exp WT"
"KC071",35.8666666666667,1,"HLA_I exp WT"
"KC075",20.2666666666667,1,"HLA_I exp WT"
"KC093",17.3666666666667,1,"HLA_I exp WT"
"KC095",35.9,1,"HLA_I exp WT"
"KC121",45.8333333333333,1,"HLA_I exp WT"
"KC127",49.4333333333333,0,"HLA_I exp WT"
"KC161",30.8666666666667,1,"HLA_I exp WT"
"KC168",18.8333333333333,1,"HLA_I exp WT"
"KC179",11.6666666666667,1,"HLA_I exp WT"
"KC181",33.4,1,"HLA_I exp WT"
"KC189",55.1666666666667,1,"HLA_I exp WT"
"KC245",10.7666666666667,1,"HLA_I exp WT"
"KC254",40.9,1,"HLA_I exp WT"
"KC256",29.8,1,"HLA_I exp WT"
"KC294",91.9,0,"HLA_I exp WT"
"KC347",10.2666666666667,1,"HLA_I exp WT"
"KC353",21,1,"HLA_I exp WT"
"KC358",11.9,0,"HLA_I exp WT"
