	A1	A2	B1	B2	C1	C2	aligned_reads	A_CN_1	A_CN_2	B_CN_1	B_CN_2	C_CN_1	C_CN_2	A_LOSS	A_lost	B_LOSS	B_lost	C_LOSS	C_lost	Class1_LOSS	Triple_LOSS	A_IMB_rate	A_imb0.05	B_IMB_rate	B_imb0.05	C_IMB_rate	C_imb0.05	Class1_imb0.05	Triple_Class1_imb0.05	IMB_rate	A_imb0.10	B_imb0.10	C_imb0.10	Class1_imb0.10	Triple_Class1_imb0.10	A_imb0.15	B_imb0.15	C_imb0.15	Class1_imb0.15	Triple_Class1_imb0.15	A_imb0.20	B_imb0.20	C_imb0.20	Class1_imb0.20	Triple_Class1_imb0.20	A_imb0.25	B_imb0.25	C_imb0.25	Class1_imb0.25	Triple_Class1_imb0.25	A_imb0.33	B_imb0.33	C_imb0.33	Class1_imb0.33	Triple_Class1_imb0.33	A_imb0.40	B_imb0.40	C_imb0.40	Class1_imb0.40	Triple_Class1_imb0.40	STAGE	purity	ploidy	A_norm	B_norm	C_norm	A_hom	B_hom	C_hom	Class1_hom	A_raw_MAF	B_raw_MAF	C_raw_MAF	LOW_PURITY
Pt101_on	39175.0	39175.0	54736.0	54736.0	24705.0	24705.0	53855784	0.9500000000000001	0.9500000000000001	0.9500000000000001	0.9500000000000001	0.9500000000000001	0.9500000000000001	False	none	False	none	False	none	False	False	0.5	False	0.5	False	0.5	False	False	False	0.5	False	False	False	False	False	False	False	False	False	False	False	False	False	False	False	False	False	False	False	False	False	False	False	False	False	False	False	False	False	False	on	0.83	1.9	313.4693475147027	604.0677239386724	272.07894533727386	True	True	True	True	0.5	0.5	0.5	False
Pt101_pre	35758.0	35758.0	50747.0	50747.0	25335.0	25335.0	46372196	0.9500000000000001	0.9500000000000001	0.9500000000000001	0.9500000000000001	0.9500000000000001	0.9500000000000001	False	none	False	none	False	none	False	False	0.5	False	0.5	False	0.5	False	False	False	0.5	False	False	False	False	False	False	False	False	False	False	False	False	False	False	False	False	False	False	False	False	False	False	False	False	False	False	False	False	False	False	pre	0.97	1.9	332.3027875980963	650.4256168975297	324.0452617654569	True	True	True	True	0.5	0.5	0.5	False
Pt103_on	12709.0	12709.0	9578.0	6278.0	4681.0	4681.0	43666895	1.1000000000000003	1.1000000000000003	1.3628159247178089	0.837184075282191	1.1000000000000003	1.1000000000000003	False	none	False	none	False	none	False	False	0.5	False	0.3805382160373596	False	0.5	False	False	False	0.3805382160373596	False	False	False	False	False	False	False	False	False	False	False	False	False	False	False	False	False	False	False	False	False	False	False	False	False	False	True	False	True	False	on	0.86	2.2	125.42308970220105	107.90864936053788	63.581205660580494	True	False	True	True	0.5	0.39593844601412714	0.5	False
Pt103_pre	31456.0	31456.0	43066.0	40253.0	20982.0	20982.0	48045745	1.0	1.0	1.0341028353846557	0.9658971646153443	1.0	1.0	False	none	False	none	False	none	False	False	0.5	False	0.4829485823076721	False	0.5	False	False	False	0.4829485823076721	False	False	False	False	False	False	False	False	False	False	False	False	False	False	False	False	False	False	False	False	False	False	False	False	False	False	False	False	False	False	pre	0.99	2.0	282.1415133173193	515.3520979414999	259.0206449634873	True	False	True	True	0.5	0.48311909648459533	0.5	False
Pt106_pre	57610.0	57610.0	34393.0	34393.0	28422.0	28422.0	53171320	1.1000000000000003	1.1000000000000003	1.1000000000000003	1.1000000000000003	1.1000000000000003	1.1000000000000003	False	none	False	none	False	none	False	False	0.5	False	0.5	False	0.5	False	False	False	0.5	False	False	False	False	False	False	False	False	False	False	False	False	False	False	False	False	False	False	False	False	False	False	False	False	False	False	False	False	False	False	pre	0.68	2.2	466.9161119757153	384.4479459007059	317.0440614517677	True	True	True	True	0.5	0.5	0.5	False
Pt10_on	9185.0	10656.0	9447.0	11842.0	5585.0	5585.0	46926438	1.8860548503459653	2.313945149654035	1.7753588372264684	2.4246411627735314	2.1	2.1	False	none	False	none	False	none	False	False	0.4490606786538012	False	0.4227044850539211	False	0.5	False	False	False	0.4227044850539211	False	False	False	False	False	False	False	False	False	False	False	False	False	False	False	False	False	False	False	False	False	False	False	False	False	False	False	False	False	False	on	0.56	4.2	91.10336088864634	134.81946627631567	70.59078594408285	False	False	True	True	0.4629302958520236	0.44375029357884355	0.5	False
Pt10_pre	10633.0	8039.0	4740.0	6121.0	3299.0	3299.0	78576531	2.371724737778356	1.7282752622216435	1.755538047525754	2.3444619524742456	2.05	2.05	False	none	False	none	False	none	False	False	0.4215305517613765	False	0.42818001159164737	False	0.5	False	False	False	0.4215305517613765	False	False	False	False	False	False	False	False	False	False	False	False	False	False	False	False	False	False	False	False	False	False	False	False	False	False	False	False	False	False	pre	0.79	4.1	51.20194026891132	41.07635451963826	24.90186610370059	False	False	True	True	0.4305377035132819	0.4364239020348034	0.5	False
Pt11_on	28925.0	29323.0	31783.0	29167.0	15870.0	18744.0	44894902	0.8877911104891774	0.9122088895108229	0.976689894283901	0.8233101057160989	0.7516426443221254	1.048357355677875	False	none	False	none	False	none	False	False	0.4932172836050985	False	0.45739450317561053	False	0.41757924684562514	False	False	False	0.41757924684562514	False	False	False	False	False	False	False	False	False	False	False	False	False	False	False	False	False	False	False	False	False	False	False	False	False	False	False	False	False	False	on	0.53	1.8	279.55831987945504	403.4517592148669	228.64788868812192	False	False	False	False	0.4965835736849334	0.47853978671041836	0.45848500606690934	False
Pt11_pre	41892.0	38953.0	41594.0	35635.0	22354.0	26234.0	47440270	0.9514690784471378	0.7485309215528623	1.065367550897141	0.6346324491028591	0.6271103007762744	1.072889699223725	False	none	False	none	False	none	False	False	0.4403123067958013	False	0.373313205354623	False	0.368888412221338	False	False	False	0.368888412221338	False	False	False	False	False	False	False	False	False	False	False	False	False	False	False	False	False	False	False	False	False	False	False	False	False	False	True	True	True	False	pre	0.34	1.7	367.19304349700116	483.78031254555395	303.73462606850984	False	False	False	False	0.4818232420063084	0.4614199329267503	0.46007244587140855	False
Pt13_on	23985.0	53659.0	42785.0	69831.0	36220.0	13665.0	44251906	0.2557533651758576	1.5442466348241422	0.49515673997097587	1.304843260029024	1.6621787253540286	0.13782127464597171	True	A*03:01	True	B*55:01	True	C*03:03	True	True	0.14208520287547646	False	0.2750870777616533	False	0.07656737480331761	False	False	False	0.07656737480331761	False	False	True	True	False	True	False	True	True	False	True	False	True	True	False	True	False	True	True	False	True	True	True	True	True	True	True	True	True	True	on	0.56	1.8	378.06315242006207	756.2807528459182	334.3108173906661	False	False	False	False	0.30890989645046624	0.37991937202528947	0.27393003908990676	False
Pt17_on	16543.0	4639.0	2637.0	3960.0	4785.0	4192.0	50057562	1.747763493333466	0.45223650666653414	0.8688446901701733	1.3311553098298274	1.176140194532226	1.0238598054677746	True	A*29:02	False	none	False	none	True	False	0.20556204848478823	False	0.39492940462280596	False	0.46539082066717014	False	False	False	0.20556204848478823	False	False	False	False	False	False	False	False	False	False	False	False	False	False	False	True	False	False	True	False	True	False	False	True	False	True	True	False	True	False	on	0.95	2.2	91.17708457520492	39.16442200905295	53.18313880508512	False	False	False	False	0.21900670380511755	0.39972714870395637	0.4669711484905871	False
Pt17_pre	14269.0	3957.0	2336.0	3592.0	4033.0	3454.0	50176405	1.764949634753141	0.4350503652468588	0.8509889280687243	1.3490110719312753	1.19088829239499	1.0091117076050102	True	A*29:02	False	none	False	none	True	False	0.19775016602129947	False	0.3868131491221474	False	0.45868713982045917	False	False	False	0.19775016602129947	False	False	False	False	False	False	False	False	False	False	True	False	False	True	False	True	False	False	True	False	True	False	False	True	False	True	True	False	True	False	pre	0.93	2.2	78.26728256732102	35.10941427934434	44.25075908666468	False	False	False	False	0.2171074289476572	0.3940620782726046	0.4613329771604114	False
Pt18_on	25693.0	26290.0	32711.0	34455.0	13171.0	15092.0	42302452	0.9372201287630257	0.9627798712369742	0.9211058128108836	0.9788941871891164	0.874365038027366	1.025634961972634	False	none	False	none	False	none	False	False	0.4932737519805399	False	0.4847925330583598	False	0.46019212527756104	False	False	False	0.46019212527756104	False	False	False	False	False	False	False	False	False	False	False	False	False	False	False	False	False	False	False	False	False	False	False	False	False	False	False	False	False	False	on	0.86	1.9	264.77942198372057	471.8444762041719	198.13680298874328	False	False	False	False	0.4942577381066887	0.4870172408659143	0.4660156388210735	False
Pt18_pre	19630.0	17448.0	21308.0	20958.0	10507.0	10943.0	46601958	1.8080622831148752	0.7919377168851254	1.3714916639063695	1.2285083360936293	1.124515928515931	1.4754840714840716	False	none	False	none	False	none	False	False	0.304591429571202	False	0.47250320618985764	False	0.43250612635228075	False	False	False	0.304591429571202	False	False	False	False	False	False	False	False	False	False	False	False	False	False	False	False	False	False	False	False	True	False	False	True	False	True	False	False	True	False	pre	0.12	2.6	171.43542466208598	269.52677574003076	136.50091621499706	False	False	False	False	0.4705755434489455	0.4958595561444187	0.48983682983682986	True
Pt23_on	11466.0	10054.0	11685.0	19786.0	13366.0	6481.0	43903638	1.3622440013518078	1.0377559986481921	0.5634913527894369	1.8365086472105632	2.0577985223322055	0.3422014776677953	False	none	False	none	True	C*03:04	True	False	0.43239833277008005	False	0.23478806366226537	False	0.142583949028248	False	False	False	0.142583949028248	False	False	False	False	False	False	False	True	True	False	False	False	True	True	False	False	True	True	True	False	False	True	True	True	False	False	True	True	True	False	on	0.44	2.4	105.6161153605363	213.02224906206442	134.06233981193495	False	False	False	False	0.46719330855018587	0.3712942073655111	0.32654809291076736	False
Pt23_pre	13066.0	18833.0	19228.0	22638.0	8623.0	9831.0	44117736	0.09813772337989433	1.8018622766201058	0.5662137477166385	1.3337862522833617	0.6415584181000893	1.2584415818999108	True	A*03:01	False	none	False	none	True	False	0.05165143335783912	False	0.298007235640336	False	0.33766232531583645	False	False	False	0.05165143335783912	True	False	False	True	False	True	False	False	True	False	True	False	False	True	False	True	False	False	True	False	True	True	False	True	False	True	True	True	True	True	pre	0.21	1.9	155.79455771304345	282.00913924570204	124.04799033048123	False	False	False	False	0.4096053167810903	0.4592748292170257	0.4672699685704996	True
Pt24_pre	26064.0	19731.0	35185.0	24737.0	15602.0	15602.0	46345409	3.936547658041274	-1.6365476580412675	4.663354026901643	-2.363354026901636	1.1500000000000021	1.1500000000000021	True	A*11:01	True	B*51:01	False	none	True	False	0.0	True	0.0	True	0.5	False	True	False	0.0	True	True	False	True	False	True	True	False	True	False	True	True	False	True	False	True	True	False	True	False	True	True	False	True	False	True	True	False	True	False	pre	0.05	2.3	212.91182165898567	384.232868038886	199.67145567247687	False	False	True	True	0.43085489682279726	0.41281999933246555	0.5	True
Pt26_on	6056.0	10098.0	4958.0	6737.0	4361.0	3597.0	46564355	0.6875474655343419	1.212452534465658	0.7904450572941378	1.1095549427058617	1.0506987232420757	0.8493012767579241	False	none	False	none	False	none	False	False	0.36186708712333787	False	0.4160237143653358	False	0.4470006719778548	False	False	False	0.36186708712333787	False	False	False	False	False	False	False	False	False	False	False	False	False	False	False	False	False	False	False	False	False	False	False	False	False	True	False	False	True	False	on	0.91	1.9	74.75064055044474	74.63827024626106	50.68305412568064	False	False	False	False	0.3748916676984029	0.42394185549380076	0.4519979894445841	False
Pt26_pre	6309.0	11743.0	4946.0	6431.0	4909.0	3492.0	47712310	0.637856096879546	1.2621439031204538	0.8146496936993401	1.08535030630066	1.1249038675519996	0.7750961324480006	False	none	False	none	False	none	False	False	0.3357137351997611	False	0.4287629966838632	False	0.40794533286736867	False	False	False	0.3357137351997611	False	False	False	False	False	False	False	False	False	False	False	False	False	False	False	False	False	False	False	False	False	False	False	False	False	True	False	False	True	False	pre	0.92	1.9	81.52359314613939	70.86181078859285	52.21712725189948	False	False	False	False	0.34949036117881677	0.434736749582491	0.4156648018093084	False
Pt27_on	32765.0	15676.0	9972.0	10871.0	8089.0	5580.0	46407777	1.348355767931834	0.2516442320681659	0.7329562451443585	0.8670437548556416	1.0853138039333463	0.5146861960666537	True	A*68:01	False	none	False	none	True	False	0.15727764504260366	False	0.45809765321522405	False	0.3216788725416585	False	False	False	0.15727764504260366	False	False	False	False	False	False	False	False	False	False	True	False	False	True	False	True	False	False	True	False	True	False	True	True	False	True	False	True	True	False	on	0.57	1.6	224.91103597414468	133.47022555283868	87.34909545060196	False	False	False	False	0.3236101649429203	0.4784340066209279	0.4082229863194089	False
Pt27_pre	12871.0	5654.0	3043.0	4018.0	2469.0	1878.0	43948405	1.321440049828714	0.27855995017128604	0.6151819855544541	0.9848180144455462	0.9819716515368689	0.618028348463131	True	A*68:01	False	none	False	none	True	False	0.17409996885705376	False	0.38448874097153374	False	0.3862677177894569	False	False	False	0.17409996885705376	False	False	False	False	False	False	False	False	False	False	True	False	False	True	False	True	False	False	True	False	True	False	False	True	False	True	True	True	True	True	pre	0.65	1.6	90.82460759737384	47.746113368365826	29.333167096128054	False	False	False	False	0.30520917678812415	0.43095878770712365	0.43202208419599725	False
Pt28_on	25118.0	24134.0	19397.0	20110.0	5028.0	11131.0	45612178	2.0334279531468185	1.866572046853182	1.8746374060293114	2.025362593970689	0.3728636193951638	3.5271363806048357	False	none	False	none	True	C*17:01	True	False	0.4786082171418415	False	0.48067625795623364	False	0.09560605625517023	False	False	False	0.09560605625517023	False	False	True	True	False	False	False	True	True	False	False	False	True	True	False	False	False	True	True	False	False	False	True	True	False	False	False	True	True	False	on	0.31	3.9	232.66523304659407	257.39978117156335	105.06210658312169	False	False	False	False	0.4900105579468854	0.4909762826840813	0.31115786867999257	True
Pt28_pre	8676.0	10175.0	4123.0	4036.0	1309.0	3226.0	43716401	1.0306150508898373	1.2693849491101628	1.1660090167382728	1.1339909832617274	0.5153604100241367	1.7846395899758634	False	none	False	none	False	none	False	False	0.44809350038688583	False	0.4930395579398814	False	0.2240697434887551	False	False	False	0.2240697434887551	False	False	False	False	False	False	False	False	False	False	False	False	False	False	False	False	False	True	True	False	False	False	True	True	False	False	False	True	True	False	pre	0.74	2.3	92.91341528008333	55.46352445795494	30.764178634747765	False	False	False	False	0.46024083602991883	0.49466846427258243	0.2886438809261301	False
Pt29_pre	11794.0	7101.0	8724.0	10805.0	6235.0	6082.0	46388341	1.2757636855628305	0.5242363144371697	0.738785825546458	1.0612141744535422	0.9187930659696668	0.8812069340303333	False	none	False	none	False	none	False	False	0.2912423969095387	False	0.41043656974803217	False	0.4895594077946296	False	False	False	0.2912423969095387	False	False	False	False	False	False	False	False	False	False	False	False	False	False	False	False	False	False	False	False	True	False	False	True	False	True	False	False	True	False	pre	0.62	1.8	87.76603664327462	125.10829222891364	78.74237949416919	False	False	False	False	0.3758137073299815	0.44672026217420246	0.4937890720142892	False
Pt30_on	83999.0	91053.0	84162.0	84162.0	32900.0	30237.0	45098380	0.9597034024175675	1.040296597582433	1.0	1.0	1.0421781205948966	0.9578218794051032	False	none	False	none	False	none	False	False	0.4798517012087836	False	0.5	False	0.47891093970255166	False	False	False	0.47891093970255166	False	False	False	False	False	False	False	False	False	False	False	False	False	False	False	False	False	False	False	False	False	False	False	False	False	False	False	False	False	False	on	1.0	2.0	836.3625285511328	1109.174899069443	415.17905362345897	False	True	False	True	0.4798517012087837	0.5	0.4789109397025516	False
Pt30_pre	1289.0	10153.0	2063.0	2063.0	888.0	2627.0	43802905	0.20842068154188503	2.4915793184581156	1.3500000000000003	1.3500000000000003	0.6209580130100534	2.0790419869899472	True	A*01:01	False	none	False	none	True	False	0.07719284501551296	False	0.5	False	0.22998444926298267	False	False	False	0.07719284501551296	True	False	False	True	False	True	False	False	True	False	True	False	False	True	False	True	False	True	True	False	True	False	True	True	False	True	False	True	True	False	pre	0.89	2.7	56.28432488678939	27.99247127966298	23.797692560103464	False	True	False	True	0.11265513022198917	0.5	0.25263157894736843	False
Pt31_on	63340.0	63340.0	42029.0	149869.0	25886.0	59761.0	47251576	0.9999999999999998	0.9999999999999998	0.0140961216055384	1.9859038783944616	0.306107341046347	1.6938926589536525	False	none	True	B*07:02	True	C*07:02	True	False	0.5	False	0.0070480608027692	True	0.15305367052317354	False	True	False	0.0070480608027692	False	True	False	True	False	False	True	False	True	False	False	True	True	True	False	False	True	True	True	False	False	True	True	True	False	False	True	True	True	False	on	0.57	2.0	577.6704974557563	1206.8938704664442	537.536910772475	True	False	False	True	0.5	0.2190173946575785	0.3022405921982089	False
Pt31_pre	48930.0	48930.0	26412.0	129099.0	17940.0	57692.0	43649600	0.9999999999999998	0.9999999999999998	-0.04812674405822157	2.048126744058221	0.1657180466150216	1.8342819533849788	False	none	True	B*07:02	True	C*07:02	True	False	0.5	False	0.0	True	0.08285902330751078	False	True	False	0.0	False	True	True	True	False	False	True	True	True	False	False	True	True	True	False	False	True	True	True	False	False	True	True	True	False	False	True	True	True	False	pre	0.63	2.0	483.073678812148	1058.755738594855	513.8516445187586	True	False	False	True	0.5	0.1698400756216602	0.23720118468373175	False
Pt34_on	46388.0	40197.0	77865.0	67249.0	40637.0	24985.0	43712893	1.0729612165938156	0.9270387834061846	1.0746492623814692	0.9253507376185309	1.2433852758439021	0.7566147241560973	False	none	False	none	False	none	False	False	0.4635193917030923	False	0.46267536880926546	False	0.37830736207804877	False	False	False	0.37830736207804877	False	False	False	False	False	False	False	False	False	False	False	False	False	False	False	False	False	False	False	False	False	False	False	False	False	False	False	True	True	False	on	0.98	2.0	426.7971817580795	986.5399914772778	445.19712050462294	False	False	False	False	0.46424900386903045	0.4634218614330802	0.38074121483648776	False
Pt34_pre	52808.0	51851.0	83231.0	72990.0	42245.0	24629.0	45712921	0.9124709771734879	0.6875290228265135	1.6063211732097487	-0.006321173209748732	4.040075365612944	-2.440075365612944	False	none	True	B*35:01	True	C*03:03	True	False	0.42970563926657057	False	0.0	True	0.0	True	True	False	0.0	False	True	True	True	False	False	True	True	True	False	False	True	True	True	False	False	True	True	True	False	False	True	True	True	False	False	True	True	True	False	pre	0.08	1.6	493.3169517886746	1015.5828814727827	433.84116918962434	False	False	False	False	0.49542800905798834	0.46722271653618913	0.3682896192840267	True
Pt36_pre	11076.0	8878.0	19653.0	20131.0	5418.0	13180.0	44918083	3.476295479603092	-1.9762954796030852	0.452631711240703	1.0473682887592983	-9.579578449295623	11.079578449295624	True	A*01:01	True	B*13:02	True	C*07:01	True	True	0.0	True	0.3017544741604684	False	0.0	True	True	False	0.0	True	False	True	True	False	True	False	True	True	False	True	False	True	True	False	True	False	True	True	False	True	True	True	True	True	True	True	True	True	True	pre	0.04	1.5	95.71878695605677	263.20986617251714	122.7884350065706	False	False	False	False	0.4449233236443821	0.49399255982304446	0.2913216474889773	True
Pt37_on	20123.0	67424.0	27096.0	59774.0	22359.0	24848.0	48517581	-0.14955881448724573	2.1495588144872455	0.19963555226812382	1.800364447731876	0.8878186565371439	1.1121813434628567	True	A*01:01	True	B*08:01	False	none	True	False	0.0	True	0.09981777613406191	False	0.4439093282685718	False	True	False	0.0	True	True	False	True	False	True	True	False	True	False	True	True	False	True	False	True	True	False	True	False	True	True	False	True	False	True	True	False	True	False	on	0.47	2.0	388.80385343320694	532.0906327022162	288.5490816224927	False	False	False	False	0.22985367859549727	0.3119143547830091	0.47363738428622876	False
Pt37_pre	24551.0	71058.0	19483.0	31609.0	14732.0	19927.0	51064490	0.3514278641829396	1.6485721358170604	0.6835512408987707	1.3164487591012293	0.8001481096781019	1.199851890321898	True	A*01:01	False	none	False	none	True	False	0.1757139320914698	False	0.34177562044938536	False	0.40007405483905095	False	False	False	0.1757139320914698	False	False	False	False	False	False	False	False	False	False	True	False	False	True	False	True	False	False	True	False	True	False	False	True	False	True	True	False	True	False	pre	0.75	2.0	403.4300170536572	297.3369184352639	201.28409685262068	False	False	False	False	0.25678544906860234	0.3813317153370391	0.42505554112928823	False
Pt38_pre	10637.0	35506.0	3916.0	4540.0	4816.0	3675.0	51309787	0.3743740065653781	1.4256259934346223	0.8280312509537034	0.9719687490462966	1.0310542598551535	0.7689457401448467	True	A*03:01	False	none	False	none	True	False	0.2079855592029878	False	0.46001736164094637	False	0.42719207785824814	False	False	False	0.2079855592029878	False	False	False	False	False	False	False	False	False	False	False	False	False	False	False	True	False	False	True	False	True	False	False	True	False	True	False	False	True	False	pre	0.93	1.8	193.77334962256757	48.97559196024432	49.07621530783495	False	False	False	False	0.23052250612227207	0.4631031220435194	0.43281121187139326	False
Pt3_on	26378.0	46829.0	32136.0	29307.0	18967.0	24874.0	45446597	1.191349383060558	4.108650616939442	2.8904085319494723	2.4095914680505275	1.9464809522723343	3.3535190477276644	False	none	False	none	False	none	False	False	0.22478290246425622	False	0.454639899632175	False	0.367260557032516	False	False	False	0.22478290246425622	False	False	False	False	False	False	False	False	False	False	False	False	False	False	False	True	False	False	True	False	True	False	False	True	False	True	False	True	True	False	on	0.28	5.3	347.088058692542	401.77783529186144	286.08264771783695	False	False	False	False	0.3603207343560042	0.47697866315121334	0.43263155493715927	True
Pt3_pre	6394.0	18854.0	5540.0	7908.0	3650.0	7383.0	47266576	0.4912993475097401	3.1087006524902594	1.3330469077048492	2.26695309229515	0.90274966346751	2.69725033653249	True	A*01:01	False	none	False	none	True	False	0.13647204097492782	False	0.3702908076957915	False	0.25076379540764165	False	False	False	0.13647204097492782	False	False	False	False	False	True	False	False	True	False	True	False	False	True	False	True	False	False	True	False	True	False	True	True	False	True	True	True	True	True	pre	0.54	3.6	115.096275473213	84.55094945226207	69.22323785368887	False	False	False	False	0.25324778200253484	0.41195716835217133	0.33082570470406963	False
Pt44_on	20887.0	20887.0	23433.0	28495.0	15171.0	17224.0	45992037	0.4999999999999982	0.4999999999999982	-1.4008819904483127	2.4008819904483136	-0.7357925605803373	1.735792560580336	True	A*02:01,A*02:01	True	B*44:02	True	C*05:01	True	True	0.5	False	0.0	True	0.0	True	True	False	0.0	False	True	True	True	False	False	True	True	True	False	False	True	True	True	False	False	True	True	True	False	False	True	True	True	False	False	True	True	True	False	on	0.05	1.0	195.70947366428953	335.5319513193612	208.8852495431198	True	False	False	True	0.5	0.4512594361423509	0.46831301126717084	True
Pt44_pre	19408.0	19408.0	21129.0	22340.0	12603.0	10610.0	47081939	1.35	1.35	1.3058556274955704	1.3941443725044298	1.4860463458906863	1.213953654109314	False	none	False	none	False	none	False	False	0.5	False	0.48365023240576677	False	0.44961246448493114	False	False	False	0.44961246448493114	False	False	False	False	False	False	False	False	False	False	False	False	False	False	False	False	False	False	False	False	False	False	False	False	False	False	False	False	False	False	pre	0.81	2.7	177.64167946982587	274.37228525406704	146.2141369561176	True	False	False	True	0.5	0.48607053302353403	0.45707146857364406	False
Pt46_pre	26450.0	26450.0	32511.0	32511.0	22442.0	22442.0	51514504	0.9499999999999991	0.9499999999999991	0.9499999999999991	0.9499999999999991	0.9499999999999991	0.9499999999999991	False	none	False	none	False	none	False	False	0.5	False	0.5	False	0.5	False	False	False	0.5	False	False	False	False	False	False	False	False	False	False	False	False	False	False	False	False	False	False	False	False	False	False	False	False	False	False	False	False	False	False	pre	0.06	1.9	221.26594708264247	375.0988498999451	258.3892641292959	True	True	True	True	0.5	0.5	0.5	True
Pt47_on	43940.0	48014.0	33423.0	19828.0	10519.0	19751.0	45160076	0.9763254698878191	1.123674530112181	1.4745398087329575	0.625460191267043	0.5428337436192546	1.5571662563807456	False	none	False	none	False	none	False	False	0.46491689042277096	False	0.2978381863176394	False	0.2584922588663117	False	False	False	0.2584922588663117	False	False	False	False	False	False	False	False	False	False	False	False	False	False	False	False	False	False	False	False	False	True	True	True	False	False	True	True	True	False	on	0.62	2.1	438.7371333031087	350.4193140174847	198.77885784342206	False	False	False	False	0.47784761946190485	0.37234981502694786	0.34750578130161874	False
Pt47_pre	38871.0	46683.0	34026.0	22106.0	11666.0	19367.0	46889399	0.8731500263984219	1.226849973601578	1.4612906370294279	0.638709362970572	0.5693749015807275	1.5306250984192724	False	none	False	none	False	none	False	False	0.41578572685639137	False	0.3041473157002724	False	0.27113090551463215	False	False	False	0.27113090551463215	False	False	False	False	False	False	False	False	False	False	False	False	False	False	False	False	False	False	False	False	False	True	True	True	False	False	True	True	True	False	pre	0.53	2.1	393.1462021995951	355.754810845769	196.27343773363503	False	False	False	False	0.4543446244477172	0.3938217059787643	0.3759224051815809	False
Pt48_on	6796.0	6796.0	14373.0	13912.0	10768.0	14409.0	57315199	0.6500000000000006	0.6500000000000006	1.0517553473572583	0.24824465264274287	-2.9147873058744085	4.214787305874407	False	none	True	B*35:01	True	C*07:02	True	False	0.5	False	0.19095742510980204	False	0.0	True	True	False	0.0	False	False	True	True	False	False	False	True	True	False	False	True	True	True	False	False	True	True	True	False	False	True	True	True	False	False	True	True	True	False	on	0.04	1.3	51.09777537321787	146.6564978616571	130.27065876057773	True	False	False	True	0.5	0.49185080431324024	0.42769194105731423	True
Pt48_pre	8756.0	8756.0	10873.0	18156.0	8056.0	13556.0	47490826	0.95	0.95	0.7012036813760951	1.1987963186239048	0.6976324881238817	1.202367511876118	False	none	False	none	False	none	False	False	0.5	False	0.36905456914531326	False	0.36717499374941154	False	False	False	0.36717499374941154	False	False	False	False	False	False	False	False	False	False	False	False	False	False	False	False	False	False	False	False	False	False	False	False	False	False	True	True	True	False	pre	0.96	1.9	79.45376049052474	181.65078690816458	134.95770044174736	True	False	False	True	0.5	0.3745564780047539	0.3727558763649824	False
Pt49_pre	81672.0	103680.0	72033.0	55897.0	39243.0	47662.0	47236981	0.6131814061893044	1.586818593810695	1.6171390604236686	0.5828609395763298	0.7028088142224265	1.4971911857775728	False	none	False	none	False	none	False	False	0.27871882099513845	False	0.2649367907165137	False	0.31945855191928485	False	False	False	0.2649367907165137	False	False	False	False	False	False	False	False	False	False	False	False	False	False	False	False	False	False	False	False	True	True	True	True	True	True	True	True	True	True	pre	0.25	2.2	845.4804596536904	804.8319304998023	545.6008831891197	False	False	False	False	0.44063187880357374	0.4369342609239428	0.4515620505149301	True
Pt4_pre	43426.0	37582.0	31318.0	31318.0	18455.0	18455.0	53298711	2.179814191927976	1.820185808072024	1.9999999999999998	1.9999999999999998	1.9999999999999998	1.9999999999999998	False	none	False	none	False	none	False	False	0.455046452018006	False	0.5	False	0.5	False	False	False	0.455046452018006	False	False	False	False	False	False	False	False	False	False	False	False	False	False	False	False	False	False	False	False	False	False	False	False	False	False	False	False	False	False	pre	0.67	4.0	327.49120080265305	349.23860185942914	205.3713099604163	False	True	True	True	0.4639294884455856	0.5	0.5	False
Pt52_on	15055.0	17658.0	15552.0	15082.0	9686.0	10394.0	44403743	1.9554342680928438	2.6445657319071554	2.366437371033571	2.2335626289664283	2.1473180007243746	2.452681999275624	False	none	False	none	False	none	False	False	0.42509440610714	False	0.48555709325357144	False	0.4668082610270381	False	False	False	0.42509440610714	False	False	False	False	False	False	False	False	False	False	False	False	False	False	False	False	False	False	False	False	False	False	False	False	False	False	False	False	False	False	on	0.33	4.6	158.74104130450394	205.02133593225685	134.108579414683	False	False	False	False	0.4602145935866475	0.49232878501011945	0.48237051792828683	False
Pt52_pre	10966.0	13992.0	13450.0	13120.0	8183.0	8096.0	42662994	0.6862759912844056	1.9137240087155947	1.3628689714500766	1.2371310285499215	1.3270523812448982	1.2729476187551012	False	none	False	none	False	none	False	False	0.263952304340156	False	0.4758196263653548	False	0.4895952379827313	False	False	False	0.263952304340156	False	False	False	False	False	False	False	False	False	False	False	False	False	False	False	False	False	False	False	False	True	False	False	True	False	True	False	False	True	False	pre	0.21	2.6	126.0511702225303	185.07815257708336	113.1589286756672	False	False	False	False	0.4393781553009055	0.49378998870907037	0.49732784569076727	True
Pt58_on	8513.0	8513.0	19429.0	27077.0	15395.0	25899.0	45632101	1.65	1.65	1.2206515625645606	2.07934843743544	0.9858919351147246	2.314108064885275	False	none	False	none	False	none	False	False	0.5	False	0.3698944128983516	False	0.2987551318529469	False	False	False	0.2987551318529469	False	False	False	False	False	False	False	False	False	False	False	False	False	False	False	False	False	False	False	False	False	False	True	True	False	False	True	True	True	False	on	0.51	3.3	80.39528804295077	302.868044594185	268.366883243743	True	False	False	True	0.5	0.4177740506601299	0.3728144524628275	False
Pt59_pre	54060.0	33517.0	30515.0	27118.0	22094.0	14978.0	46622092	2.2257588832031887	0.6742411167968105	1.6449293683430382	1.2550706316569624	2.0848087120044387	0.8151912879955603	False	none	False	none	False	none	False	False	0.23249693682648642	False	0.4327829764334353	False	0.2811004441364002	False	False	False	0.23249693682648642	False	False	False	False	False	False	False	False	False	False	False	False	False	False	False	True	False	False	True	False	True	False	True	True	False	True	False	True	True	False	pre	0.35	2.9	404.7498893050301	367.36214408930925	235.81242990764943	False	False	False	False	0.38271463968850267	0.47052903718355804	0.40402460077686664	False
Pt5_on	43047.0	43047.0	32400.0	61277.0	45323.0	20315.0	44660644	3.2000000000000006	3.2000000000000006	2.1316207334034822	4.2683792665965195	4.520474362450588	1.879525637549413	False	none	False	none	False	none	False	False	0.5	False	0.333065739594294	False	0.29367588086709573	False	False	False	0.29367588086709573	False	False	False	False	False	False	False	False	False	False	False	False	False	False	False	False	False	False	False	False	False	False	True	True	False	False	True	True	True	False	on	0.79	6.4	415.37115708122764	623.3370254720699	435.85576264883923	True	False	False	True	0.5	0.34586931690809913	0.30950059416801246	False
Pt5_pre	43379.0	43379.0	35170.0	66338.0	47147.0	21005.0	48046446	1.1000000000000003	1.1000000000000003	0.16620770544889005	2.033792294551111	2.2665458870483284	-0.0665458870483278	False	none	True	B*44:03	True	C*16:01	True	False	0.5	False	0.07554895702222271	False	0.0	True	True	False	0.0	False	True	True	True	False	False	True	True	True	False	False	True	True	True	False	False	True	True	True	False	False	True	True	True	False	False	True	True	True	False	pre	0.34	2.2	389.07801813132306	627.847159926794	420.65859881565	True	False	False	True	0.5	0.3464751546676124	0.3082081230191337	False
Pt65_pre	68885.0	39420.0	17207.0	17207.0	22005.0	16584.0	53569007	2.50874760251982	0.89125239748018	1.7	1.7	2.117610058448121	1.282389941551879	False	none	False	none	False	none	False	False	0.2621330580824059	False	0.5	False	0.37717351222114087	False	False	False	0.2621330580824059	False	False	False	False	False	False	False	False	False	False	False	False	False	False	False	False	False	False	False	False	True	False	False	True	False	True	False	True	True	False	pre	0.44	3.4	435.63557927047117	190.91343415491966	213.63005996986172	False	True	False	True	0.36397211578412814	0.5	0.429759776101998	False
Pt66_pre	32045.0	24702.0	26539.0	15178.0	21122.0	13262.0	40632880	2.10703329130735	1.5929667086926502	2.3909563792393334	1.3090436207606668	2.304072190024959	1.3959278099750414	False	none	False	none	False	none	False	False	0.43053154288990547	False	0.3537955731785586	False	0.3772777864797409	False	False	False	0.3537955731785586	False	False	False	False	False	False	False	False	False	False	False	False	False	False	False	False	False	False	False	False	False	False	False	False	False	False	True	True	True	False	pre	0.88	3.7	300.92185682899986	305.1057520071953	250.95232671144532	False	False	False	False	0.43530054452217737	0.3638324903516552	0.38570265239646345	False
Pt67_on	7088.0	9952.0	9567.0	10492.0	7509.0	7554.0	56604189	-2.5278873239436606	4.127887323943664	-0.1130564833740455	1.7130564833740491	0.7408484365664192	0.8591515634335778	True	A*01:01	True	B*07:02	False	none	True	False	0.0	True	0.0	True	0.4630302728540129	False	True	False	0.0	True	True	False	True	False	True	True	False	True	False	True	True	False	True	False	True	True	False	True	False	True	True	False	True	False	True	True	False	True	False	on	0.05	1.6	64.86485470451501	105.31146089828702	78.91786684787247	False	False	False	False	0.415962441314554	0.476943018096615	0.4985062736506672	True
Pt67_pre	11718.0	13515.0	9607.0	11260.0	8302.0	7614.0	45647431	-0.1404985534815495	2.2404985534815554	-0.27422724876599397	2.374227248765996	1.7726103711150207	0.3273896288849813	True	A*01:01	True	B*07:02	True	C*03:04	True	True	0.0	True	0.0	True	0.1558998232785624	False	True	False	0.0	True	True	False	True	False	True	True	False	True	False	True	True	True	True	True	True	True	True	True	True	True	True	True	True	True	True	True	True	True	True	pre	0.06	2.1	119.10801267032895	135.84967590576636	103.40225826914151	False	False	False	False	0.4643918677921769	0.46039200651746776	0.4783865292787132	True
Pt72_pre	10005.0	14971.0	4755.0	12329.0	7107.0	5999.0	43051657	0.8776986883017451	1.4223013116982546	0.5428421115749439	1.757157888425056	1.2657805213028477	1.0342194786971526	False	none	False	none	False	none	False	False	0.38160812534858485	False	0.2360183093804104	False	0.4496606429118054	False	False	False	0.2360183093804104	False	False	False	False	False	False	False	False	False	False	False	False	False	False	False	False	True	False	True	False	False	True	False	True	False	True	True	False	True	False	pre	0.82	2.3	125.00329065995066	117.92737260807122	90.2802444108361	False	False	False	False	0.4005845611787316	0.2783306017326153	0.45772928429726845	False
Pt76_pre	19382.0	20928.0	10805.0	10805.0	17590.0	13341.0	44766554	0.9830776734544568	1.116922326545543	1.05	1.05	1.2896994896787768	0.8103005103212239	False	none	False	none	False	none	False	False	0.46813222545450334	False	0.5	False	0.3858573858672494	False	False	False	0.3858573858672494	False	False	False	False	False	False	False	False	False	False	False	False	False	False	False	False	False	False	False	False	False	False	False	False	False	False	False	True	True	False	pre	0.59	2.1	194.0204755852506	143.45511349154535	204.90508214399938	False	True	False	True	0.4808236169684942	0.5	0.43131486211244385	False
Pt77_pre	17636.0	58215.0	19516.0	19516.0	19536.0	9688.0	43268529	-2.333039775349039	6.433039775349039	2.0499999999999994	2.0499999999999994	4.810856047866722	-0.7108560478667234	True	A*68:01	False	none	True	C*07:04	True	False	0.0	True	0.5	False	0.0	True	True	False	0.0	True	False	True	True	False	True	False	True	True	False	True	False	True	True	False	True	False	True	True	False	True	False	True	True	False	True	False	True	True	False	pre	0.14	4.1	377.7266366488037	268.07950060792643	200.29954488784833	False	True	False	True	0.23250847055411267	0.5	0.3315083493019436	True
Pt79_pre	46234.0	36475.0	32761.0	32761.0	37608.0	38058.0	45848951	1.699462659962726	1.3005373400372735	1.4999999999999998	1.4999999999999998	1.489946418659447	1.5100535813405531	False	none	False	none	False	none	False	False	0.4335124466790912	False	0.5	False	0.4966488062198157	False	False	False	0.4335124466790912	False	False	False	False	False	False	False	False	False	False	False	False	False	False	False	False	False	False	False	False	False	False	False	False	False	False	False	False	False	False	pre	0.84	3.0	388.6975452007102	424.6906240814568	489.4223595074058	False	True	False	True	0.44100400198285555	0.5	0.49702640551899135	False
Pt82_on	68784.0	68784.0	40479.0	27125.0	33996.0	15665.0	47108652	1.3000000000000003	1.3000000000000003	2.8787420407531656	-0.2787420407531643	4.250141807609438	-1.650141807609438	False	none	True	B*15:01	True	C*03:04	True	False	0.5	False	0.0	True	0.0	True	True	False	0.0	False	True	True	True	False	False	True	True	True	False	False	True	True	True	False	False	True	True	True	False	False	True	True	True	False	False	True	True	True	False	on	0.13	2.6	629.2238530671705	426.4681942786908	312.62752853153887	True	False	False	True	0.5	0.4012336548133247	0.3154386742111516	True
Pt82_pre	52061.0	52061.0	13243.0	10850.0	13318.0	6768.0	44527555	1.1500000000000004	1.1500000000000004	1.4195740437428899	0.8804259562571106	2.035062819619227	0.26493718038077285	False	none	False	none	True	C*03:04	True	False	0.5	False	0.3827938940248306	False	0.11519007842642298	False	False	False	0.11519007842642298	False	False	False	False	False	False	False	True	True	False	False	False	True	True	False	False	False	True	True	False	False	False	True	True	False	False	True	True	True	False	pre	0.39	2.3	503.8509530443861	160.79663770606572	133.7756419335236	True	False	False	True	0.5	0.4503382725272901	0.3369511102260281	False
Pt84_pre	1319.0	2679.0	2889.0	2778.0	2765.0	1728.0	45196193	0.7977488744372184	1.8022511255627816	1.3289197521253073	1.2710802478746928	1.6407745381704875	0.9592254618295126	False	none	False	none	False	none	False	False	0.30682649016816094	False	0.48887701841334336	False	0.3689328699344279	False	False	False	0.30682649016816094	False	False	False	False	False	False	False	False	False	False	False	False	False	False	False	False	False	False	False	False	True	False	False	True	False	True	False	True	True	False	pre	0.85	2.6	19.060283976063626	37.26201098660833	29.481324978367777	False	False	False	False	0.3299149574787394	0.490206458443621	0.3845982639661696	False
Pt85_pre	14994.0	27733.0	6685.0	12247.0	8538.0	7452.0	48646414	1.1672212153805606	2.2327787846194393	1.1750130903278555	2.2249869096721446	1.8213655273676483	1.578634472632352	False	none	False	none	False	none	False	False	0.34330035746487075	False	0.3455920853905457	False	0.4643042566565741	False	False	False	0.34330035746487075	False	False	False	False	False	False	False	False	False	False	False	False	False	False	False	False	False	False	False	False	False	False	False	False	False	True	True	False	True	False	pre	0.92	3.4	189.25179212491267	115.65398346069878	97.47877577496828	False	False	False	False	0.3509256442062396	0.3531058525248257	0.46604127579737337	False
Pt89_on	31534.0	26341.0	51450.0	34197.0	39182.0	30681.0	46308990	1.140271274298056	0.6597287257019437	1.4394199446565552	0.3605800553434445	1.2258346891614857	0.5741653108385135	False	none	True	B*15:02	False	none	True	False	0.3665159587233021	False	0.2003222529685803	False	0.3189807282436187	False	False	False	0.2003222529685803	False	False	False	False	False	False	False	False	False	False	False	False	False	False	False	False	True	False	True	False	False	True	True	True	False	True	True	True	True	True	on	0.36	1.8	269.2862177406679	549.6190506499194	447.3983269783969	False	False	False	False	0.45513606911447085	0.39927843357035275	0.43915949787441133	False
Pt89_pre	25049.0	22628.0	38646.0	22538.0	32252.0	19875.0	56179802	2.0867855878219728	1.4132144121780255	3.4961091327221254	0.0038908672778729045	3.3247814444134733	0.175218555586525	False	none	True	B*15:02	True	C*04:03	True	False	0.4037755463365789	False	0.0011116763651065446	True	0.05006244445329288	False	True	False	0.0011116763651065446	False	True	True	True	False	False	True	True	True	False	False	True	True	True	False	False	True	True	True	False	False	True	True	True	False	False	True	True	True	False	pre	0.17	3.5	182.8593398797601	323.6477509765471	275.1661206137926	False	False	False	False	0.47461039914424147	0.3683642782426778	0.3812803345674986	True
Pt8_on	99082.0	99082.0	39014.0	87677.0	41169.0	23104.0	47310129	1.0000000000000002	1.0000000000000002	0.5372195303381635	1.4627804696618363	1.3386345781426703	0.6613654218573295	False	none	False	none	False	none	False	False	0.5	False	0.2686097651690818	False	0.3306827109286648	False	False	False	0.2686097651690818	False	False	False	False	False	False	False	False	False	False	False	False	False	False	False	False	False	False	False	False	False	True	False	True	False	False	True	True	True	False	on	0.83	2.0	902.5246231227813	795.8048165325175	402.89035738088285	True	False	False	True	0.5	0.30794610509033793	0.35946665007079176	False
Pt8_pre	47072.0	47072.0	23745.0	41147.0	21219.0	14294.0	46341638	0.9499999999999997	0.9499999999999997	0.29298680885163075	1.6070131911483698	1.4277475853912647	0.4722524146087348	False	none	True	B*40:01	True	C*03:04	True	False	0.5	False	0.1542035836061214	False	0.24855390242564995	False	False	False	0.1542035836061214	False	False	False	False	False	False	False	False	False	False	False	True	False	True	False	False	True	True	True	False	False	True	True	True	False	False	True	True	True	False	pre	0.4	1.9	437.7334125329552	416.13544641946146	227.26283239806477	True	False	False	True	0.5	0.36591567527584296	0.40250049277729283	False
Pt90_pre	45705.0	40572.0	26554.0	22258.0	7521.0	16624.0	53655204	1.9796237699502761	1.4203762300497234	2.113652380562156	1.2863476194378434	-0.07196521018844493	3.4719652101884444	False	none	False	none	True	C*17:01	True	False	0.41775771472050693	False	0.37833753512877755	False	0.0	True	True	False	0.0	False	False	True	True	False	False	False	True	True	False	False	False	True	True	False	False	False	True	True	False	False	False	True	True	False	False	True	True	True	False	pre	0.25	3.4	346.4747712328333	270.3520603144861	133.4528316891601	False	False	False	False	0.47025279043082163	0.45599442759977055	0.3114930627459101	True
Pt92_on	70294.0	142946.0	84929.0	137501.0	68695.0	45013.0	44369981	-3.9661128976069895	5.666112897606989	-2.491018619019788	4.191018619019788	3.794049545452263	-2.0940495454522603	True	A*01:01	True	B*38:01	True	C*12:03	True	True	0.0	True	0.0	True	0.0	True	True	True	0.0	True	True	True	True	True	True	True	True	True	True	True	True	True	True	True	True	True	True	True	True	True	True	True	True	True	True	True	True	True	True	on	0.07	1.7	1035.5423452240896	1489.7694033015414	760.0010847244948	False	False	False	False	0.32964734571374976	0.38182349503214497	0.39586484680057693	True
Pt92_pre	35812.0	83632.0	44569.0	69258.0	41298.0	24228.0	44638687	0.1829490243570722	1.8170509756429278	0.5573483067662828	1.4426516932337168	1.531647509292152	0.46835249070784807	True	A*01:01	False	none	True	C*12:03	True	False	0.0914745121785361	False	0.27867415338314144	False	0.23417624535392403	False	False	False	0.0914745121785361	True	False	False	True	False	True	False	False	True	False	True	False	False	True	False	True	False	True	True	False	True	True	True	True	True	True	True	True	True	True	pre	0.49	2.0	576.5558175550985	757.7898945329356	435.3260735835938	False	False	False	False	0.2998225109674827	0.39155033515773935	0.3697463602234228	False
Pt93_on	15791.0	10513.0	7405.0	6466.0	3588.0	3726.0	56122923	1.2204987834549876	0.779501216545012	1.0743903202269578	0.9256096797730423	0.979266017001866	1.020733982998134	False	none	False	none	False	none	False	False	0.3897506082725061	False	0.46280483988652116	False	0.489633008500933	False	False	False	0.3897506082725061	False	False	False	False	False	False	False	False	False	False	False	False	False	False	False	False	False	False	False	False	False	False	False	False	False	True	False	False	True	False	on	0.91	2.0	100.9880404961302	73.44841381667696	38.64800744443537	False	False	False	False	0.39967305352798055	0.4661524042967342	0.49056603773584906	False
Pt94_pre	17025.0	13069.0	8143.0	7230.0	3451.0	4472.0	46037772	1.3286369375955343	0.6713630624044664	1.1484745983217326	0.851525401678267	0.6778366780260003	1.3221633219740003	False	none	False	none	False	none	False	False	0.33568153120223304	False	0.4257627008391336	False	0.338918339013	False	False	False	0.33568153120223304	False	False	False	False	False	False	False	False	False	False	False	False	False	False	False	False	False	False	False	False	False	False	False	False	False	True	False	True	True	False	pre	0.4	2.0	140.8490916270081	99.23371741486424	51.03731188628935	False	False	False	False	0.4342726124808932	0.47030508033565344	0.43556733560520006	False
Pt98_pre	7514.0	14633.0	5362.0	6178.0	5526.0	3749.0	45368554	0.6218316648915402	1.3781683351084595	0.9168110918544196	1.0831889081455808	1.2254003488187728	0.7745996511812274	False	none	False	none	False	none	False	False	0.31091583244577015	False	0.45840554592720967	False	0.3872998255906137	False	False	False	0.31091583244577015	False	False	False	False	False	False	False	False	False	False	False	False	False	False	False	False	False	False	False	False	True	False	False	True	False	True	False	True	True	False	pre	0.85	2.0	105.18368933863196	75.59025366337649	60.62774493121825	False	False	False	False	0.33927845757890457	0.46464471403812824	0.4042048517520216	False
Pt9_on	8539.0	4276.0	6122.0	5367.0	6947.0	4637.0	47165533	2.405172102052663	1.0948278979473367	1.879426556472894	1.6205734435271064	2.142746302722005	1.3572536972779947	False	none	False	none	False	none	False	False	0.3128079708420962	False	0.4630209838648875	False	0.38778677065085565	False	False	False	0.3128079708420962	False	False	False	False	False	False	False	False	False	False	False	False	False	False	False	False	False	False	False	False	True	False	False	True	False	True	False	True	True	False	on	0.82	3.5	58.54398697230123	72.38897284103595	72.83602499918784	False	False	False	False	0.3336714787358564	0.4671424841152407	0.4002935082872928	False
Pt9_pre	7669.0	4116.0	6536.0	5484.0	6590.0	4419.0	42643096	2.4431678687597227	1.1568321312402772	1.9867110371602887	1.613288962839712	2.220698216610652	1.379301783389348	False	none	False	none	False	none	False	False	0.3213422586778548	False	0.44813582301103105	False	0.38313938427481886	False	False	False	0.3213422586778548	False	False	False	False	False	False	False	False	False	False	False	False	False	False	False	False	False	False	False	False	True	False	False	True	False	True	False	True	True	False	pre	0.75	3.6	59.54828940366719	83.76655810592283	76.56170169386955	False	False	False	False	0.34925753075944	0.4562396006655574	0.4013988554818785	False
