"","Months","Deceased","Type"
"Pt10",8.4164352,1,"HLA-I homozygous"
"Pt101",27.4191678,0,"HLA-I homozygous"
"Pt103",15.9123228,0,"HLA-I homozygous"
"Pt106",2.9917797,1,"HLA-I homozygous"
"Pt24",4.8986283,0,"HLA-I homozygous"
"Pt30",34.6191651,0,"HLA-I homozygous"
"Pt31",31.5945087,0,"HLA-I homozygous"
"Pt4",20.8109511,1,"HLA-I homozygous"
"Pt44",35.9342331,0,"HLA-I homozygous"
"Pt46",7.4630109,1,"HLA-I homozygous"
"Pt48",34.3890282,0,"HLA-I homozygous"
"Pt5",7.2986274,1,"HLA-I homozygous"
"Pt51",1.8739719,0,"HLA-I homozygous"
"Pt53",14.2356111,1,"HLA-I homozygous"
"Pt58",16.4054733,1,"HLA-I homozygous"
"Pt65",22.7506764,0,"HLA-I homozygous"
"Pt76",0.328767,1,"HLA-I homozygous"
"Pt77",15.4849257,1,"HLA-I homozygous"
"Pt79",7.1671206,1,"HLA-I homozygous"
"Pt8",8.5150653,1,"HLA-I homozygous"
"Pt82",14.1041043,1,"HLA-I homozygous"
"Pt100",27.616428,1,"HLA-I heterozygous"
"Pt102",20.9095812,0,"HLA-I heterozygous"
"Pt104",26.8931406,0,"HLA-I heterozygous"
"Pt108",30.0164271,0,"HLA-I heterozygous"
"Pt11",27.5177979,1,"HLA-I heterozygous"
"Pt13",9.205476,1,"HLA-I heterozygous"
"Pt17",1.8739719,1,"HLA-I heterozygous"
"Pt18",35.2766991,0,"HLA-I heterozygous"
"Pt23",1.7095884,1,"HLA-I heterozygous"
"Pt25",3.3205467,1,"HLA-I heterozygous"
"Pt26",31.2986184,0,"HLA-I heterozygous"
"Pt27",15.6164325,1,"HLA-I heterozygous"
"Pt28",24.328758,1,"HLA-I heterozygous"
"Pt29",8.9753391,1,"HLA-I heterozygous"
"Pt3",37.6109448,0,"HLA-I heterozygous"
"Pt32",3.7479438,0,"HLA-I heterozygous"
"Pt34",27.4191678,0,"HLA-I heterozygous"
"Pt36",35.5397127,0,"HLA-I heterozygous"
"Pt37",21.2383482,1,"HLA-I heterozygous"
"Pt38",5.4904089,1,"HLA-I heterozygous"
"Pt47",23.6054706,1,"HLA-I heterozygous"
"Pt49",27.1890309,0,"HLA-I heterozygous"
"Pt52",15.6493092,1,"HLA-I heterozygous"
"Pt54",28.4383455,0,"HLA-I heterozygous"
"Pt59",23.2767036,1,"HLA-I heterozygous"
"Pt60",24.2630046,0,"HLA-I heterozygous"
"Pt66",17.8191714,1,"HLA-I heterozygous"
"Pt67",33.9287544,0,"HLA-I heterozygous"
"Pt68",27.6821814,0,"HLA-I heterozygous"
"Pt7",37.7753283,0,"HLA-I heterozygous"
"Pt70",10.2246537,1,"HLA-I heterozygous"
"Pt71",8.0876682,0,"HLA-I heterozygous"
"Pt72",25.315059,1,"HLA-I heterozygous"
"Pt73",9.2383527,0,"HLA-I heterozygous"
"Pt74",0.657534,1,"HLA-I heterozygous"
"Pt83",15.1890354,0,"HLA-I heterozygous"
"Pt84",4.9643817,1,"HLA-I heterozygous"
"Pt85",29.7205368,0,"HLA-I heterozygous"
"Pt86",8.9424624,1,"HLA-I heterozygous"
"Pt87",32.0219058,0,"HLA-I heterozygous"
"Pt89",27.7479348,1,"HLA-I heterozygous"
"Pt9",3.0246564,1,"HLA-I heterozygous"
"Pt90",5.7205458,1,"HLA-I heterozygous"
"Pt92",10.9479411,1,"HLA-I heterozygous"
"Pt93",27.9123183,0,"HLA-I heterozygous"
"Pt94",32.2520427,0,"HLA-I heterozygous"
"Pt98",24.5588949,1,"HLA-I heterozygous"
