"","Months","Deceased","Type"
"TCGA-2J-AABF",22.71755926,1,"HLA-I ASE loss"
"TCGA-2L-AAQI",3.3862642601,1,"HLA-I ASE loss"
"TCGA-3A-A9I5",58.98017556,0,"HLA-I ASE loss"
"TCGA-3A-A9I9",20.843607193,1,"HLA-I ASE loss"
"TCGA-3E-AAAZ",71.736200151,1,"HLA-I ASE loss"
"TCGA-F2-A7TX",3.1232534438,1,"HLA-I ASE loss"
"TCGA-FB-AAPY",34.81605681,1,"HLA-I ASE loss"
"TCGA-FB-AAQ1",4.0437913009,1,"HLA-I ASE loss"
"TCGA-FB-AAQ3",1.0191669132,1,"HLA-I ASE loss"
"TCGA-HZ-7922",0.1315054082,0,"HLA-I ASE loss"
"TCGA-HZ-7926",17.029950357,1,"HLA-I ASE loss"
"TCGA-HZ-8315",9.83002926,1,"HLA-I ASE loss"
"TCGA-HZ-A77P",10.849196173,0,"HLA-I ASE loss"
"TCGA-IB-7652",36.690008877,0,"HLA-I ASE loss"
"TCGA-IB-A6UF",21.895650459,0,"HLA-I ASE loss"
"TCGA-IB-A6UG",1.3479304336,1,"HLA-I ASE loss"
"TCGA-IB-AAUN",4.7341946938,1,"HLA-I ASE loss"
"TCGA-US-A77G",0.3945162245,1,"HLA-I ASE loss"
"TCGA-XD-AAUI",12.032744847,1,"HLA-I ASE loss"
"TCGA-XN-A8T3",31.26541079,0,"HLA-I ASE loss"
"TCGA-2J-AAB9",20.613472729,1,"HLA-I ASE WT"
"TCGA-2J-AABH",42.311865075,0,"HLA-I ASE WT"
"TCGA-2J-AABK",15.912154387,0,"HLA-I ASE WT"
"TCGA-2J-AABO",14.465594898,0,"HLA-I ASE WT"
"TCGA-2J-AABR",14.399842194,0,"HLA-I ASE WT"
"TCGA-2L-AAQL",9.5998947957,1,"HLA-I ASE WT"
"TCGA-3A-A9IU",15.057369234,1,"HLA-I ASE WT"
"TCGA-3A-A9IX",34.092777065,0,"HLA-I ASE WT"
"TCGA-3E-AAAY",75.122464411,0,"HLA-I ASE WT"
"TCGA-F2-A44H",19.265542295,0,"HLA-I ASE WT"
"TCGA-FB-A4P5",5.8848670152,1,"HLA-I ASE WT"
"TCGA-FB-A4P6",NA,NA,"HLA-I ASE WT"
"TCGA-FB-A78T",12.328632015,1,"HLA-I ASE WT"
"TCGA-FB-AAPZ",23.539468061,0,"HLA-I ASE WT"
"TCGA-H6-A45N",13.840944209,1,"HLA-I ASE WT"
"TCGA-HV-A5A5",9.5012657396,0,"HLA-I ASE WT"
"TCGA-HZ-8002",12.032744847,1,"HLA-I ASE WT"
"TCGA-HZ-8003",19.594305816,1,"HLA-I ASE WT"
"TCGA-HZ-8317",12.427261071,1,"HLA-I ASE WT"
"TCGA-HZ-8519",14.925863826,0,"HLA-I ASE WT"
"TCGA-HZ-A49G",21.698392346,0,"HLA-I ASE WT"
"TCGA-HZ-A49H",16.142288852,0,"HLA-I ASE WT"
"TCGA-HZ-A4BK",21.59976329,0,"HLA-I ASE WT"
"TCGA-HZ-A77O",5.2602163264,1,"HLA-I ASE WT"
"TCGA-HZ-A8P0",0,0,"HLA-I ASE WT"
"TCGA-IB-7649",15.353256403,1,"HLA-I ASE WT"
"TCGA-IB-7889",15.813525331,1,"HLA-I ASE WT"
"TCGA-IB-7891",30.016109412,1,"HLA-I ASE WT"
"TCGA-IB-8126",15.188874642,0,"HLA-I ASE WT"
"TCGA-IB-8127",17.161455765,0,"HLA-I ASE WT"
"TCGA-LB-A8F3",12.460137423,0,"HLA-I ASE WT"
"TCGA-S4-A8RP",23.079199132,1,"HLA-I ASE WT"
"TCGA-US-A774",22.849064668,1,"HLA-I ASE WT"
