"","Months","Deceased","Type"
"TCGA-2J-AABI",31.857185127,0,"HLA-I ASE loss"
"TCGA-3A-A9IB",7.364302857,1,"HLA-I ASE loss"
"TCGA-3A-A9IC",24.262747806,1,"HLA-I ASE loss"
"TCGA-FB-A5VM",16.372423316,1,"HLA-I ASE loss"
"TCGA-FB-AAQ2",5.0300818621,1,"HLA-I ASE loss"
"TCGA-H6-8124",12.88753,0,"HLA-I ASE loss"
"TCGA-HZ-8005",3.9451622448,1,"HLA-I ASE loss"
"TCGA-HZ-A77Q",1.0849196173,0,"HLA-I ASE loss"
"TCGA-IB-7893",3.8465331887,1,"HLA-I ASE loss"
"TCGA-IB-A5SS",15.123121938,1,"HLA-I ASE loss"
"TCGA-IB-AAUO",7.8574481376,1,"HLA-I ASE loss"
"TCGA-IB-AAUQ",6.0163724233,1,"HLA-I ASE loss"
"TCGA-2J-AAB6",9.6327711477,1,"HLA-I ASE WT"
"TCGA-FB-A545",24.065489693,1,"HLA-I ASE WT"
"TCGA-HZ-7925",20.186080153,1,"HLA-I ASE WT"
"TCGA-HZ-8001",23.21070454,0,"HLA-I ASE WT"
"TCGA-HZ-8636",17.917611862,1,"HLA-I ASE WT"
"TCGA-HZ-8637",16.997074005,1,"HLA-I ASE WT"
"TCGA-IB-7645",49.380280764,1,"HLA-I ASE WT"
"TCGA-IB-7646",4.7670710458,1,"HLA-I ASE WT"
"TCGA-IB-7885",41.325574514,0,"HLA-I ASE WT"
"TCGA-IB-7890",19.66005852,1,"HLA-I ASE WT"
"TCGA-IB-7897",NA,NA,"HLA-I ASE WT"
"TCGA-IB-A5SQ",7.1999210968,1,"HLA-I ASE WT"
"TCGA-IB-A5ST",20.876483545,0,"HLA-I ASE WT"
"TCGA-IB-A7LX",8.21908801,1,"HLA-I ASE WT"
"TCGA-Q3-A5QY",NA,NA,"HLA-I ASE WT"
"TCGA-XD-AAUH",12.986159056,0,"HLA-I ASE WT"
"TCGA-XN-A8T5",23.670973469,0,"HLA-I ASE WT"
"TCGA-YH-A8SY",12.756024592,0,"HLA-I ASE WT"
"TCGA-Z5-AAPL",15.353256403,0,"HLA-I ASE WT"
